stop_id,stop_code,stop_name,stop_desc,stop_lat,stop_lon,zone_id,stop_url,location_type,parent_station,wheelchair_boarding
2002,ABA1,Abattoirs,,47.961285,0.185143,,,0,PLA_ABATT,2
2040,ABR1,Aubrac,,47.993423,0.223775,,,0,PLA_AUBRA,1
2041,ACA1,Auchan,,48.042472,0.175403,,,0,PLA_AUCHA,2
2003,ACI1,Acacias,,47.998295,0.181042,,,0,PLA_ACACI,1
2004,ACT1,Actisud,,47.950121,0.195115,,,0,PLA_ACTIS,1
2005,ACT2,Actisud,,47.950760,0.195510,,,0,PLA_ACTIS,1
2035,ADR1,Ardriers,,48.000922,0.169738,,,0,PLA_ARDRI,1
2007,AER1,Aérodrome,,47.947781,0.194014,,,0,PLA_AEROD,1
2006,AER2,Aérodrome,,47.947888,0.194179,,,0,PLA_AEROD,1
1069,AG03,Angevinière,,47.985185,0.178482,,,0,PLA_ANGEV,1
1070,AG04,Angevinière,,47.985056,0.178327,,,0,PLA_ANGEV,1
2009,AGA1,Agadir,,48.018734,0.230613,,,0,PLA_AGADI,1
2008,AGA2,Agadir,,48.018137,0.230638,,,0,PLA_AGADI,1
2014,AGN1,Aigné,,48.064479,0.118837,,,0,PLA_AIGNE,2
2015,AGN2,Aigné,,48.064655,0.118946,,,0,PLA_AIGNE,2
2010,AGR1,Agribricorre,,48.047568,0.147726,,,0,PLA_AGRIB,2
2011,AGR2,Agribricorre,,48.047624,0.147790,,,0,PLA_AGRIB,2
3043,AGV1,Aigreville,,48.005778,0.075413,,,0,PLA_AIGRV,1
3044,AGV2,Aigreville,,48.006063,0.075127,,,0,PLA_AIGRV,1
2012,AIG1,Aigles,,48.005580,0.216337,,,0,PLA_AIGLE,2
2013,AIG2,Aigles,,48.005566,0.216172,,,0,PLA_AIGLE,2
1071,AL03,Allonnes-Bois Joli,,47.950447,0.163230,,,0,PLA_ALLBJ,1
1072,AL04,Allonnes-Bois Joli,,47.950152,0.162854,,,0,PLA_ALLBJ,1
2018,ALL1,Allonnes,,47.952325,0.165584,,,0,PLA_ALLON,1
2899,AMP1,Collège Ambroise Paré,,48.004564,0.187327,,,0,PLA_COLAP,1
1001,AN01,Antarès - Stade Marie Marvingt,,47.955912,0.222804,,,0,PLA_ANTAR,1
1002,AN02,Antarès - Stade Marie Marvingt,,47.955963,0.222641,,,0,PLA_ANTAR,1
2900,ANE1,Ancien Étang,,48.043353,0.116375,,,0,PLA_ANCET,1
2252,ANG1,David d'Angers,,47.966071,0.210135,,,0,PLA_DAVID,1
2253,ANG2,David d'Angers,,47.966002,0.210089,,,0,PLA_DAVID,1
3016,ANG3,David d'Angers,,47.966046,0.210154,,,0,PLA_DAVID,1
2023,ANT1,Antarès - Stade Marie Marvingt,,47.955959,0.221841,,,0,PLA_ANTAR,1
2388,APO1,Guillaume Apollinaire,,47.999942,0.231662,,,0,PLA_GUILL,1
2387,APO2,Guillaume Apollinaire,,47.999987,0.231260,,,0,PLA_GUILL,1
2029,ARC1,Arche de la Nature,,47.987447,0.243266,,,0,PLA_ARCHE,1
2028,ARC2,Arche de la Nature,,47.988203,0.243564,,,0,PLA_ARCHE,1
2032,ARD1,Ardoise,,48.009034,0.226706,,,0,PLA_ARDOI,1
2034,ARD2,Ardoise,,48.008762,0.226772,,,0,PLA_ARDOI,1
2033,ARD3,Ardoise,,48.008815,0.227248,,,0,PLA_ARDOI,1
3168,ARG1,Argenton,,47.966742,0.154324,,,0,PLA_ARGEN,1
3169,ARG2,Argenton,,47.964956,0.153571,,,0,PLA_ARGEN,1
2281,ARO1,Émile Arrouet,,47.906400,0.246541,,,0,PLA_EMARR,2
2282,ARO2,Émile Arrouet,,47.906992,0.245434,,,0,PLA_EMARR,1
3125,ARO5,Émile Arrouet,,47.906742,0.244801,,,0,PLA_EMARR,2
2036,ARR1,Arromanches,,47.984350,0.222738,,,0,PLA_ARROM,1
2037,ARR2,Arromanches,,47.984178,0.222087,,,0,PLA_ARROM,1
2031,ARV1,Archives,,47.981243,0.205388,,,0,PLA_ARCHI,1
2030,ARV2,Archives,,47.981418,0.205299,,,0,PLA_ARCHI,1
2985,ARY1,Arcy,,48.025709,0.259913,,,0,PLA_ARCYY,1
2986,ARY2,Arcy,,48.025843,0.258808,,,0,PLA_ARCYY,1
1003,AS01,Atlantides-Sablons,,47.990579,0.222151,,,0,PLA_ATLAN,1
1004,AS02,Atlantides-Sablons,,47.990454,0.222652,,,0,PLA_ATLAN,1
2026,ATO1,Antonnière,,48.061756,0.163266,,,0,PLA_ANTON,1
2027,ATO2,Antonnière,,48.061812,0.162378,,,0,PLA_ANTON,1
2441,AUB1,La Chapelle - St-Aubin,,48.037220,0.156727,,,0,PLA_LACHA,1
2442,AUB2,La Chapelle - St-Aubin,,48.037270,0.156886,,,0,PLA_LACHA,2
3078,AUR3,Auric,,48.013825,0.151212,,,0,PLA_AURIC,2
3079,AUR4,Auric,,48.013838,0.151136,,,0,PLA_AURIC,2
2044,AUV1,Auvours,,48.013344,0.317714,,,0,PLA_AUVOU,1
2045,AUV2,Auvours,,48.013339,0.317534,,,0,PLA_AUVOU,1
1049,BA01,Maillets-Banjan,,48.015334,0.212577,,,0,PLA_MAILL,1
1050,BA02,Maillets-Banjan,,48.015285,0.212391,,,0,PLA_MAILL,1
2056,BAB1,Barbara,,48.021006,0.159449,,,0,PLA_BARBA,1
2057,BAB2,Barbara,,48.020856,0.159147,,,0,PLA_BARBA,1
2060,BAE1,Barcelone,,48.019427,0.227525,,,0,PLA_BARCE,2
2059,BAE2,Barcelone,,48.019160,0.226383,,,0,PLA_BARCE,2
2047,BAL1,Bâle,,48.021297,0.187355,,,0,PLA_RBALE,1
2048,BAN1,Banjan,,48.016222,0.202283,,,0,PLA_BANJA,1
2050,BAN2,Banjan,,48.016127,0.202047,,,0,PLA_BANJA,1
2049,BAN3,Collège Psallette,,48.015874,0.203197,,,0,PLA_BANJA,1
2051,BAN4,Collège Psallette,,48.015956,0.203247,,,0,PLA_BANJA,1
2054,BAR1,Bara,,47.985070,0.205054,,,0,PLA_RBARA,2
2055,BAR2,Bara,,47.985084,0.205128,,,0,PLA_RBARA,1
2064,BAS1,Basse Lande,,48.017480,0.323106,,,0,PLA_BASSE,1
2063,BAS2,Basse Lande,,48.017336,0.322334,,,0,PLA_BASSE,1
2066,BAT1,Batignolles,,47.987669,0.188108,,,0,PLA_BATIG,1
2065,BAT2,Batignolles,,47.987594,0.188147,,,0,PLA_BATIG,2
2437,BAU1,La Baule,,48.024113,0.201282,,,0,PLA_LABAU,2
2436,BAU2,La Baule,,48.024211,0.201086,,,0,PLA_LABAU,2
2105,BBI1,Bobillot,,47.992508,0.194613,,,0,PLA_BOBIL,1
2106,BBI2,Bobillot,,47.992616,0.194774,,,0,PLA_BOBIL,1
2067,BCH1,Beauchêne,,47.976481,0.127135,,,0,PLA_BEAUC,1
2099,BCI1,Blanchisserie,,48.015046,0.197325,,,0,PLA_BLANC,1
2100,BCI2,Blanchisserie,,48.015425,0.196974,,,0,PLA_BLANC,1
2119,BDO1,Bourdonnière,,48.046569,0.173617,,,0,PLA_BOURD,1
2116,BDO2,Bourdonnière,,48.046298,0.173216,,,0,PLA_BOURD,1
2062,BDT1,Bardet,,48.008618,0.214369,,,0,PLA_BARDE,1
2061,BDT2,Bardet,,48.008541,0.214277,,,0,PLA_BARDE,1
1005,BE01,Bellevue - Hauts de Coulaines,,48.020316,0.211505,,,0,PLA_BELLE,1
1006,BE02,Bellevue - Hauts de Coulaines,,48.020200,0.211563,,,0,PLA_BELLE,1
2072,BEA1,Beauvoir,,48.013905,0.134533,,,0,PLA_BEAUV,1
2071,BEA2,Beauvoir,,48.013858,0.134746,,,0,PLA_BEAUV,1
2073,BEC1,Becquerel,,47.963221,0.177141,,,0,PLA_BECQU,2
2078,BEL1,Bellevue - Hauts de Coulaines,,48.020235,0.212000,,,0,PLA_BELLE,1
2080,BEL2,Bellevue - Hauts de Coulaines,,48.020312,0.211041,,,0,PLA_BELLE,1
2079,BEL3,Bellevue - Hauts de Coulaines,,48.020079,0.211703,,,0,PLA_BELLE,1
2069,BEM1,Beaumarchais,,48.003621,0.171162,,,0,PLA_BEAUM,2
2070,BEM2,Beaumarchais,,48.003821,0.171600,,,0,PLA_BEAUM,2
2084,BEN1,Béner,,47.998920,0.235554,,,0,PLA_BENER,1
2085,BEN2,Béner,,47.999253,0.236724,,,0,PLA_BENER,1
2087,BER1,Berardière,,47.976051,0.149222,,,0,PLA_BERAR,1
2086,BER2,Berardière,,47.976496,0.149014,,,0,PLA_BERAR,1
2093,BES1,Bessemer,,47.972472,0.176576,,,0,PLA_BESSE,1
2092,BES2,Bessemer,,47.973238,0.175785,,,0,PLA_BESSE,2
2101,BEU1,Bleuets,,47.983852,0.194594,,,0,PLA_BLEUE,2
2102,BEU2,Bleuets,,47.983885,0.195065,,,0,PLA_BLEUE,2
2094,BEY1,Beuruay,,47.925251,0.183905,,,0,PLA_BEURU,1
3072,BEZ1,Béroize,,48.036286,0.287096,,,0,PLA_BEROI,2
3073,BEZ2,Béroize,,48.036332,0.287151,,,0,PLA_BEROI,2
2117,BGE1,Bourges,,48.005008,0.179416,,,0,PLA_BOURG,2
2118,BGE2,Bourges,,48.004876,0.179478,,,0,PLA_BOURG,2
2098,BGN1,Bignon,,48.031101,0.243419,,,0,PLA_BIGNO,1
2097,BGN2,Bignon,,48.030932,0.243519,,,0,PLA_BIGNO,1
2096,BIG1,Bigarreaux,,47.979997,0.221782,,,0,PLA_BIGAR,1
2095,BIG2,Bigarreaux,,47.980066,0.221801,,,0,PLA_BIGAR,1
2074,BLA1,Bel Air,,47.968718,0.214767,,,0,PLA_BELAI,1
2075,BLA2,Bel Air,,47.969349,0.214217,,,0,PLA_BELAI,1
3060,BLC1,Belle Chasse,,48.017714,0.141722,,,0,PLA_BLCHA,1
3061,BLC2,Belle Chasse,,48.017971,0.142426,,,0,PLA_BLCHA,1
2077,BLE1,Belle Étoile,,47.951525,0.233758,,,0,PLA_BELET,1
2076,BLE2,Belle Étoile,,47.951219,0.233986,,,0,PLA_BELET,1
2735,BLO1,Rue de Ballon,,48.038003,0.238377,,,0,PLA_RUDBA,1
2504,BLU1,Léon Blum,,47.995428,0.227667,,,0,PLA_LEONB,1
2505,BLU2,Léon Blum,,47.995534,0.227705,,,0,PLA_LEONB,1
2083,BLV1,Belvédères,,47.918756,0.257201,,,0,PLA_BELVE,2
2089,BNE1,Berne,,48.021411,0.185728,,,0,PLA_BERNE,1
2103,BOB1,Bobet,,47.983143,0.204304,,,0,PLA_BOBET,1
2104,BOB2,Bobet,,47.983216,0.204315,,,0,PLA_BOBET,1
2109,BOL1,Bollée,,47.996614,0.222950,,,0,PLA_BOLLE,2
2107,BOL2,Bollée,,47.997253,0.222382,,,0,PLA_BOLLE,2
2108,BOL3,Bollée,,47.997810,0.223274,,,0,PLA_BOLLE,1
2113,BON1,Bonnétable,,48.025582,0.236868,,,0,PLA_BONNE,1
2112,BON2,Bonnétable,,48.026350,0.238939,,,0,PLA_BONNE,1
2114,BOU1,Bouchardière,,47.942186,0.262267,,,0,PLA_BOUCH,1
2115,BOU2,Bouchardière,,47.942305,0.261708,,,0,PLA_BOUCH,1
2110,BPA1,Bon Pasteur,,48.013126,0.197785,,,0,PLA_BONPA,1
2111,BPA2,Bon Pasteur,,48.012406,0.197242,,,0,PLA_BONPA,1
2439,BQU1,La Bouquetière,,48.039025,0.240019,,,0,PLA_LABOU,2
2263,BRA1,Domaine de Beauregard,,47.998169,0.171207,,,0,PLA_DOMAI,1
2058,BRB1,Barbusse,,47.986004,0.196887,,,0,PLA_BARBU,2
2129,BRD1,Brindenier,,48.013530,0.219560,,,0,PLA_BRIND,2
2128,BRD2,Brindenier,,48.012806,0.219869,,,0,PLA_BRIND,2
2088,BRG1,Bergson,,48.002391,0.212805,,,0,PLA_BERGS,2
2825,BRN1,Tristan Bernard,,48.013405,0.222331,,,0,PLA_TRIST,1
2824,BRN2,Tristan Bernard,,48.013158,0.222720,,,0,PLA_TRIST,1
2361,BRS1,Georges Brassens,,48.018491,0.327162,,,0,PLA_GEORG,1
2360,BRS2,Georges Brassens,,48.018572,0.327261,,,0,PLA_GEORG,1
2132,BRT1,Bruyère Trangé,,48.024693,0.105921,,,0,PLA_BRUTR,1
2131,BRT2,Bruyère Trangé,,48.024584,0.105463,,,0,PLA_BRUTR,1
2133,BRU1,Bruyères,,47.976963,0.232522,,,0,PLA_BRUYE,1
2134,BRU2,Bruyères,,47.977366,0.231399,,,0,PLA_BRUYE,1
2091,BRY1,Berry,,47.970416,0.198305,,,0,PLA_BERRY,1
2090,BRY2,Berry,,47.971076,0.198404,,,0,PLA_BERRY,1
2753,BRZ1,Savorgnan de Brazza,,48.012030,0.223688,,,0,PLA_SAVOR,1
2754,BRZ2,Savorgnan de Brazza,,48.011932,0.223936,,,0,PLA_SAVOR,2
2120,BSS1,Boussinière,,48.013698,0.190399,,,0,PLA_BOUSS,1
2121,BSS2,Boussinière,,48.013740,0.189516,,,0,PLA_BOUSS,2
2127,BTG1,Bretagne,,47.953048,0.168479,,,0,PLA_BRETA,2
2124,BTT1,Bouttié,,48.010927,0.189087,,,0,PLA_BOUTT,2
2123,BTT3,Bouttié,,48.011099,0.189194,,,0,PLA_BOUTT,2
2136,BUC1,Buchetière,,48.069931,0.118476,,,0,PLA_BUCHE,1
2137,BUC2,Buchetière,,48.069695,0.118392,,,0,PLA_BUCHE,1
2139,BUF1,Buffon,,48.002709,0.220275,,,0,PLA_BUFFO,2
2138,BUF2,Buffon,,48.002967,0.220240,,,0,PLA_BUFFO,2
2125,BVE1,Bouvet,,48.014630,0.182673,,,0,PLA_BOUVE,2
2126,BVE2,Bouvet,,48.013248,0.182504,,,0,PLA_BOUVE,2
2142,CAB1,Calberson,,47.964643,0.185406,,,0,PLA_CALBE,1
2143,CAB2,Calberson,,47.964966,0.185370,,,0,PLA_CALBE,1
2482,CAD1,Le Cadran,,48.020645,0.172002,,,0,PLA_LECAD,2
3132,CAE1,Cadran-Épine,,48.018341,0.174403,,,0,PLA_CADRA,1
3133,CAE2,Cadran-Épine,,48.018559,0.174018,,,0,PLA_CADRA,1
2440,CAL1,La Calandre,,48.010289,0.193944,,,0,PLA_LACAL,1
3136,CAN1,Centre de Cancérologie,,48.017305,0.177341,,,0,PLA_CANCE,1
3137,CAN2,Centre de Cancérologie,,48.017502,0.177108,,,0,PLA_CANCE,1
2152,CAP1,Capucines,,48.035775,0.244927,,,0,PLA_CAPUC,1
2154,CAR1,Carcassonne,,47.974587,0.233128,,,0,PLA_CARCA,1
2153,CAR2,Carcassonne,,47.974187,0.232959,,,0,PLA_CARCA,1
2187,CBR1,Chateaubriand,,48.001713,0.171170,,,0,PLA_CHATE,1
2186,CBR2,Chateaubriand,,48.001521,0.171449,,,0,PLA_CHATE,1
1073,CC03,Centre Culturel Jean Carmet,,47.967469,0.160372,,,0,PLA_CCUJC,1
1074,CC04,Centre Culturel Jean Carmet,,47.967861,0.160169,,,0,PLA_CCUJC,1
2219,CCH1,Cochereaux,,48.012582,0.188030,,,0,PLA_COCHE,1
3131,CCH2,Cochereaux,,48.012698,0.188042,,,0,PLA_COCHE,1
2954,CCP1,Collège Champagné,,48.022295,0.331564,,,0,PLA_COLCH,1
2160,CCS1,Centre Commercial,,47.967229,0.092114,,,0,PLA_CCSGB,1
2423,CCT1,Jean Cocteau,,48.028151,0.202755,,,0,PLA_JEANC,1
2422,CCT2,Jean Cocteau,,48.027950,0.202456,,,0,PLA_JEANC,1
3070,CDB1,Champ de Bois,,48.057048,0.108365,,,0,PLA_CHABO,1
1008,CE01,Cadran - Épine,,48.018927,0.172488,,,0,PLA_CADRA,1
1007,CE02,Cadran - Épine,,48.018839,0.172639,,,0,PLA_CADRA,1
2157,CED1,Cèdres,,47.915784,0.258482,,,0,PLA_CEDRE,2
2950,CEN1,C.E. NTN,,47.964367,0.125901,,,0,PLA_C.E.N,1
3008,CEN2,C.E.NTN,,47.964398,0.126127,,,0,PLA_C.E.C,1
2223,CEP1,Collège Épine,,48.016977,0.180439,,,0,PLA_COLEP,1
3036,CER3,Marcel Cerdan,,48.039200,0.241543,,,0,PLA_MARCE,1
2648,CEZ1,Paul Cézanne,,47.914203,0.255907,,,0,PLA_PAULC,1
2165,CFA1,CFA,,47.983258,0.233928,,,0,PLA_CECFA,2
2166,CFA2,CFA,,47.983100,0.233414,,,0,PLA_CECFA,2
2226,CGA1,Collèges,,47.938130,0.185657,,,0,PLA_COLLE,1
2227,CGA2,Collèges,,47.938887,0.185435,,,0,PLA_COLLE,1
2206,CGR1,Cinémas CGR,,48.048209,0.172783,,,0,PLA_CINEM,1
2205,CGR2,Cinémas CGR,,48.048386,0.172657,,,0,PLA_CINEM,1
1012,CH01,Churchill,,47.989360,0.215901,,,0,PLA_CHURC,1
1013,CH02,Churchill,,47.989355,0.215620,,,0,PLA_CHURC,1
2167,CHA1,Chabrier,,47.971594,0.163639,,,0,PLA_CHABR,1
2168,CHA2,Chabrier,,47.971650,0.163616,,,0,PLA_CHABR,1
2175,CHB1,Charbonnière,,48.003077,0.230588,,,0,PLA_CHARB,1
2176,CHB2,Charbonnière,,48.003082,0.230384,,,0,PLA_CHARB,1
2949,CHF4,Champfleuri,,47.974812,0.127821,,,0,PLA_CHFLE,1
2190,CHM1,Chaumard,,47.996924,0.179900,,,0,PLA_CHAUM,1
2188,CHM2,Chaumard,,47.996632,0.179300,,,0,PLA_CHAUM,1
2193,CHN1,Cheverny,,48.023444,0.176080,,,0,PLA_CHEVE,1
2174,CHO1,Chaoué,,47.969555,0.165575,,,0,PLA_CHAOU,1
2173,CHO2,Chaoué,,47.969641,0.165636,,,0,PLA_CHAOU,1
2171,CHP1,Champagné,,48.019248,0.335870,,,0,PLA_CHAMP,1
2180,CHR1,Charmes,,48.007216,0.138839,,,0,PLA_CHARM,2
2179,CHR2,Charmes,,48.006847,0.139776,,,0,PLA_CHARM,1
2443,CHS1,La Chesnaie,,48.023921,0.336276,,,0,PLA_LACHE,1
2444,CHS2,La Chesnaie,,48.024012,0.336385,,,0,PLA_LACHE,1
2185,CHT1,Château d'Eau,,47.969881,0.204186,,,0,PLA_CHEAU,1
2184,CHT2,Château d'Eau,,47.969395,0.204226,,,0,PLA_CHEAU,1
2191,CHV1,Chêne Vert,,48.008149,0.189535,,,0,PLA_CHENE,1
2192,CHV2,Chêne Vert,,48.008113,0.189684,,,0,PLA_CHENE,1
2987,CHY1,Château,,48.025943,0.277452,,,0,PLA_CHYVR,1
3170,CIA1,Cimetière Allonnes,,47.960039,0.150150,,,0,PLA_CIMAL,1
3167,CIA2,Cimetière Allonnes,,47.960057,0.150246,,,0,PLA_CIMAL,1
2210,CIJ1,Cité Joly,,47.975502,0.206819,,,0,PLA_CITEJ,1
2209,CIJ2,Cité Joly,,47.975852,0.207256,,,0,PLA_CITEJ,1
2068,CIO1,Cimetière Ouest,,48.017705,0.192521,,,0,PLA_CIMOU,1
2196,CIO2,Cimetière Ouest,,48.017379,0.192453,,,0,PLA_CIMOU,1
2208,CIP1,Cité,,47.992040,0.109524,,,0,PLA_CITEPC,1
2207,CIP2,Cité,,47.992781,0.109410,,,0,PLA_CITEPC,1
2199,CIS1,Cimetière,,47.970718,0.097192,,,0,PLA_CISGB,1
2200,CIS2,Cimetière,,47.970769,0.097083,,,0,PLA_CISGB,1
2203,CIY1,Cimetière Yvré,,48.012331,0.267458,,,0,PLA_CIMET,1
2204,CIY2,Cimetière Yvré,,48.011870,0.266276,,,0,PLA_CIMET,1
1075,CK03,Collège Kennedy,,47.965444,0.161782,,,0,PLA_COLKE,1
1076,CK04,Collège Kennedy,,47.965283,0.161829,,,0,PLA_COLKE,1
2971,CKE1,Collège Kennedy,,47.965154,0.162116,,,0,PLA_COLKE,1
2213,CLA1,Clairefontaine,,48.015266,0.225961,,,0,PLA_CLAIR,1
2214,CLA2,Clairefontaine,,48.015189,0.225972,,,0,PLA_CLAIR,1
2916,CLB1,Claude Bernard,,48.021710,0.163912,,,0,PLA_CLAUD,1
2221,CLG1,Collège Bollée,,47.909747,0.251644,,,0,PLA_COLBO,1
2222,CLG2,Collège Bollée,,47.909778,0.251750,,,0,PLA_COLBO,1
2145,CLI1,Californie,,47.984712,0.240313,,,0,PLA_CALIF,1
2144,CLI2,Californie,,47.984657,0.240150,,,0,PLA_CALIF,1
2146,CLI3,Californie,,47.984245,0.241257,,,0,PLA_CALIF,1
2889,CLM1,Collège Le Marin,,47.963797,0.159814,,,0,PLA_COLMR,1
2218,CLO1,Closerie,,48.031292,0.210032,,,0,PLA_CLOSE,1
2217,CLS1,Closeau,,48.029360,0.207210,,,0,PLA_CLSEA,2
2216,CLS2,Closeau,,48.028020,0.207251,,,0,PLA_CLSEA,2
2220,CLV1,Collectivité,,47.978046,0.201458,,,0,PLA_COLVT,2
1014,CM01,Comtes du Maine-Off. du Tourisme,,48.004695,0.199936,,,0,PLA_COMTE,1
1015,CM02,Comtes du Maine-Off. du Tourisme,,48.004570,0.199941,,,0,PLA_COMTE,1
2169,CMA1,Champ de Mars,,47.982241,0.207143,,,0,PLA_CHMAR,1
2170,CMA2,Champ de Mars,,47.982454,0.206931,,,0,PLA_CHMAR,1
2231,CMM1,Comtes du Maine,,48.004642,0.199738,,,0,PLA_COMTE,1
3087,CMM4,Comtes du Maine,,48.004463,0.199712,,,0,PLA_COMTE,1
3116,CMU3,Collège Les Mûriers,,48.011776,0.185805,,,0,PLA_MURIE,1
2561,CNE1,Marcel Carné,,48.009981,0.165905,,,0,PLA_MARCA,2
2562,CNE2,Marcel Carné,,48.010055,0.165853,,,0,PLA_MARCA,2
2021,COM1,Anciens Combattants,,47.907311,0.249107,,,0,PLA_ANCIE,1
2022,COM2,Anciens Combattants,,47.907495,0.248351,,,0,PLA_ANCIE,1
2233,CON1,Contrexeville,,47.970453,0.226978,,,0,PLA_CONTR,1
2234,CON2,Contrexeville,,47.970567,0.227263,,,0,PLA_CONTR,1
2235,COP1,Copenhague,,48.019636,0.206401,,,0,PLA_COPEN,2
2236,COP2,Copenhague,,48.019960,0.206290,,,0,PLA_COPEN,2
2238,COR1,Cormier,,47.940426,0.232718,,,0,PLA_CORMI,1
2237,COR2,Cormier,,47.940301,0.232880,,,0,PLA_CORMI,1
2485,COT1,Le Côteau,,47.997484,0.227600,,,0,PLA_LECOT,2
2484,COT2,Le Côteau,,47.997570,0.227063,,,0,PLA_LECOT,2
2240,COU1,Courard,,47.978012,0.203335,,,0,PLA_COURA,2
2967,COV1,Collège Vieux Colombier,,47.991074,0.167273,,,0,PLA_VIEUX,1
1017,CP01,Croix de Pierre,,48.012210,0.205530,,,0,PLA_CROIX,1
1016,CP02,Croix de Pierre,,48.012162,0.205385,,,0,PLA_CROIX,1
2225,CPA1,Collège Pasteur,,48.016495,0.269294,,,0,PLA_COLPA,1
2224,CPA2,Collège Pasteur,,48.016592,0.269500,,,0,PLA_COLPA,1
3048,CPA3,Collège Pasteur,,48.016729,0.270468,,,0,PLA_COLPA,2
3092,CPL1,Cité Plantagenêt,,48.007294,0.196861,,,0,PLA_CITEP,1
3130,CPO2,Cité des Pommiers,,48.046891,0.348060,,,0,PLA_CITPO,1
2884,CRB1,Courbet,,47.969534,0.223419,,,0,PLA_COURB,1
2241,CRB2,Courbet,,47.969599,0.223528,,,0,PLA_COURB,1
2156,CRE1,Carel Mutualité,,47.991560,0.198119,,,0,PLA_CAREL,1
2155,CRE2,Carel Mutualité,,47.991285,0.198574,,,0,PLA_CAREL,1
2968,CRI1,Campus-Ribay,,48.017103,0.161278,,,0,PLA_CAMPU,1
2239,CRN1,Corneille,,48.019062,0.198442,,,0,PLA_CORNE,1
2513,CRO1,Les Croisettes,,48.043352,0.220355,,,0,PLA_LESCR,2
2163,CRS1,Cerisiers,,48.033095,0.242602,,,0,PLA_CERIS,1
2164,CRS2,Cerisiers,,48.033335,0.242498,,,0,PLA_CERIS,1
2412,CRT1,Jacques Cartier,,48.022692,0.170229,,,0,PLA_JCART,1
2413,CRT2,Jacques Cartier,,48.022408,0.170087,,,0,PLA_JCART,1
2197,CSG1,Cimetière,,47.995461,0.177942,,,0,PLA_CIMSG,2
2198,CSG2,Cimetière,,47.995252,0.177521,,,0,PLA_CIMSG,1
2161,CSI1,Centre Signoret,,47.913338,0.248183,,,0,PLA_CENTR,1
2162,CSI2,Centre Signoret,,47.913381,0.247509,,,0,PLA_CENTR,1
2202,CSU1,Cimetière Sud,,47.965053,0.209343,,,0,PLA_CIMSU,2
2201,CSU2,Cimetière Sud,,47.965030,0.209467,,,0,PLA_CIMSU,1
2897,CTE1,Chantemerle,,47.998528,0.088265,,,0,PLA_CHANT,1
2896,CTE2,Chantemerle,,47.998576,0.088397,,,0,PLA_CHANT,1
2771,CTH1,Ste-Catherine,,48.022953,0.177471,,,0,PLA_STECA,1
2770,CTH2,Ste-Catherine,,48.022153,0.178372,,,0,PLA_STECA,1
2212,CTR1,Citroën,,48.029937,0.171843,,,0,PLA_CITRO,2
2211,CTR2,Citroën,,48.030075,0.171931,,,0,PLA_CITRO,2
2245,CUG3,Cugnot,,47.981529,0.218364,,,0,PLA_CUGNO,1
2147,CVI1,Calvaire,,48.027968,0.241775,,,0,PLA_CALVA,1
2148,CVI2,Calvaire,,48.028303,0.242376,,,0,PLA_CALVA,1
3147,CWW1,Collège Wilbur Wright,,48.022295,0.331564,,,0,PLA_COLCH,1
2242,CXB1,Croix de Braye,,47.922756,0.185677,,,0,PLA_CXBRA,2
2248,CYG1,Cygnes,,48.007378,0.224090,,,0,PLA_CYGNE,2
2249,CYG2,Cygnes,,48.007308,0.224171,,,0,PLA_CYGNE,2
2251,CYU1,Cyrus,,48.005621,0.213592,,,0,PLA_CYRUS,2
2250,CYU2,Cyrus,,48.005638,0.213576,,,0,PLA_CYRUS,2
2912,DBO1,Desiré Bourneville,,48.020585,0.166815,,,0,PLA_DESIR,1
2255,DEB1,Debussy,,47.971148,0.160473,,,0,PLA_DEBUS,1
2538,DEL1,Louis Delage,,48.035778,0.173547,,,0,PLA_LOUIS,1
2537,DEL2,Louis Delage,,48.036471,0.173429,,,0,PLA_LOUIS,1
3012,DEL3,Louis Delage,,48.036463,0.173290,,,0,PLA_LOUIS,2
2017,DEV1,Alfred de Vigny,,48.002203,0.227548,,,0,PLA_ALFRE,1
2016,DEV2,Alfred de Vigny,,48.002029,0.227936,,,0,PLA_ALFRE,1
2261,DIE1,Diesel,,47.982625,0.225707,,,0,PLA_DIESE,2
2262,DIE2,Diesel,,47.983262,0.225710,,,0,PLA_DIESE,2
2285,DLA2,Émile Delahaye,,48.038361,0.172661,,,0,PLA_EMDEL,1
2283,DLA3,Émile Delahaye,,48.038483,0.172762,,,0,PLA_EMDEL,1
2257,DLG1,Delagenière,,48.013086,0.200279,,,0,PLA_DELAG,2
2256,DLG2,Delagenière,,48.013489,0.200692,,,0,PLA_DELAG,2
2258,DOM1,Deux Ormeaux,,47.978927,0.225550,,,0,PLA_DEUXO,1
2259,DOM2,Deux Ormeaux,,47.979208,0.224838,,,0,PLA_DEUXO,1
2264,DOR1,Dorée,,48.023817,0.232826,,,0,PLA_DOREE,2
2265,DOR2,Dorée,,48.023442,0.232317,,,0,PLA_DOREE,1
3052,DRO1,La Drouerie,,48.034542,0.113671,,,0,PLA_DROUE,2
3067,DRO2,La Drouerie,,48.034618,0.113705,,,0,PLA_DROUE,2
2266,DUN1,Dunkerque,,48.017653,0.183838,,,0,PLA_DUNKE,1
2267,DUN2,Dunkerque,,48.018215,0.183546,,,0,PLA_DUNKE,1
1018,DV01,Durand-Vaillant,,47.979337,0.212861,,,0,PLA_DURAN,1
1019,DV02,Durand-Vaillant,,47.979228,0.212798,,,0,PLA_DURAN,1
2815,EDI1,Thomas Edison,,48.024987,0.179747,,,0,PLA_THOMA,1
2814,EDI2,Thomas Edison,,48.025097,0.179641,,,0,PLA_THOMA,1
2914,EDP1,Edith Piaf,,48.020757,0.156214,,,0,PLA_EDITH,1
2913,EDP2,Edith Piaf,,48.020800,0.156105,,,0,PLA_EDITH,1
1020,EG01,Épau - Gué Bernisson,,47.991982,0.234572,,,0,PLA_EPAUG,1
1021,EG02,Épau - Gué Bernisson,,47.992011,0.234691,,,0,PLA_EPAUG,1
2277,EGA1,Église St-Aubin,,48.034153,0.161602,,,0,PLA_EGLIS,1
2276,EGA2,Église St-Aubin,,48.034439,0.161428,,,0,PLA_EGLIS,1
2272,EGC1,Église Coulaines,,48.024356,0.205629,,,0,PLA_EGCOU,2
2275,EGF1,Église Fay,,48.008517,0.070300,,,0,PLA_EGFAY,2
2895,EGF2,Église Fay,,48.008625,0.070231,,,0,PLA_EGFAY,1
2273,EGL1,Église Coulaines,,48.023909,0.205258,,,0,PLA_EGCOU,1
2274,EGL2,Église Coulaines,,48.024161,0.204795,,,0,PLA_EGCOU,1
2278,EGS1,Église St-Saturnin,,48.058422,0.151845,,,0,PLA_EGSTS,1
2279,EGS2,Église St-Saturnin,,48.058456,0.151767,,,0,PLA_EGSTS,1
2280,EHP1,EHPAD 3 Vallées,,48.024263,0.210876,,,0,PLA_EHPAD,2
2947,ELY1,École Lyautey,,47.964909,0.156245,,,0,PLA_ECOLY,1
1077,EP01,Éperon - Cité Plantagenêt,,48.005230,0.193734,,,0,PLA_EPERO,1
1022,EP02,Éperon - Cité Plantagenêt,,48.005141,0.193778,,,0,PLA_EPERO,1
2948,EPA1,École Pasteur,,47.968367,0.157402,,,0,PLA_ECOPA,2
2292,EPE3,Éperon,,48.005456,0.195492,,,0,PLA_EPERO,1
3085,EPE5,Éperon,,48.005425,0.195870,,,0,PLA_EPERO,1
2295,EPI1,Épine,,48.019404,0.182005,,,0,PLA_EPINE,1
2294,EPI2,Épine,,48.019698,0.181745,,,0,PLA_EPINE,1
2286,EPL1,Émile Plet,,47.917174,0.248349,,,0,PLA_EMILE,2
2297,EQU1,Équipement,,47.967020,0.183280,,,0,PLA_EQUIP,2
2296,EQU2,Équipement,,47.967400,0.183080,,,0,PLA_EQUIP,2
2299,ERP1,Erpell,,48.002754,0.204967,,,0,PLA_ERPEL,2
2298,ERP2,Erpell,,48.002684,0.205461,,,0,PLA_ERPEL,1
1024,ES01,Espal - Arche de la Nature,,47.994784,0.233803,,,0,PLA_ESPAL,1
1023,ES02,Espal - Arche de la Nature,,47.994768,0.233925,,,0,PLA_ESPAL,1
2300,ESC1,ESCRA,,47.980639,0.233831,,,0,PLA_ESCRA,1
2301,ESC2,ESCRA,,47.981010,0.233617,,,0,PLA_ESCRA,1
2302,ESP1,Espal,,47.994626,0.234166,,,0,PLA_ESPAL,1
2303,ESP2,Espal,,47.994713,0.234219,,,0,PLA_ESPAL,1
2306,ETA1,Étamines,,48.017559,0.188594,,,0,PLA_ETAMI,2
2307,ETG1,Étang,,47.946291,0.186299,,,0,PLA_ETANG,1
2308,ETG2,Étang,,47.946373,0.186428,,,0,PLA_ETANG,1
2309,ETO1,Étoile,,48.006029,0.202040,,,0,PLA_ETOIL,2
2310,EUR1,Europe,,48.021875,0.206841,,,0,PLA_EUROP,1
2311,EUR2,Europe,,48.022038,0.206759,,,0,PLA_EUROP,1
2312,FAL1,Falconet,,47.971310,0.215689,,,0,PLA_FALCO,2
3241,FAL3,Falconet,,47.970549,0.216083,,,0,PLA_FALCO,1
2313,FAM1,Family Village,,47.943938,0.240080,,,0,PLA_FAMIL,2
2314,FAM2,Family Village,,47.944054,0.240029,,,0,PLA_FAMIL,1
2315,FAR1,Faraday,,47.960413,0.179080,,,0,PLA_FARAD,2
3129,FAT1,La Baronnière,,48.045344,0.345092,,,0,PLA_FATIN,1
2937,FAU1,Les Fauchetières,,47.978100,0.132333,,,0,PLA_LESFA,1
2335,FCD1,Foucaudière,,47.969638,0.180264,,,0,PLA_FOUCA,2
2334,FCD2,Foucaudière,,47.969485,0.180645,,,0,PLA_FOUCA,2
3057,FCV1,Four à Chanvre,,48.060491,0.141250,,,0,PLA_FOCHV,1
2318,FEY1,Feydeau,,47.988332,0.201140,,,0,PLA_FEYDE,2
2319,FLA1,Flandres,,47.954005,0.172234,,,0,PLA_FLAND,1
2329,FLE1,Folleray,,47.986001,0.163963,,,0,PLA_FOLLE,1
2328,FLE2,Folleray,,47.985963,0.163656,,,0,PLA_FOLLE,1
2322,FLO1,Flore,,48.001667,0.209117,,,0,PLA_FLORE,1
2323,FLO2,Flore,,48.001785,0.208944,,,0,PLA_FLORE,1
2325,FLR1,Florey,,48.025170,0.182732,,,0,PLA_FLREY,2
2324,FLR2,Florey,,48.025248,0.182804,,,0,PLA_FLREY,2
2327,FOL1,Folie,,48.009282,0.178379,,,0,PLA_FOLIE,2
2326,FOL2,Folie,,48.009239,0.178276,,,0,PLA_FOLIE,2
2330,FON2,Fontaines,,48.007536,0.132176,,,0,PLA_FONTA,2
2447,FOR1,La Forêt,,48.015824,0.332378,,,0,PLA_LAFOR,1
3055,FOS1,Foresterie,,48.019908,0.145341,,,0,PLA_FORES,1
3056,FOS2,Foresterie,,48.020171,0.143753,,,0,PLA_FORES,1
2337,FOU1,Foucault,,48.026412,0.175218,,,0,PLA_FUCAU,2
2336,FOU2,Foucault,,48.026512,0.175309,,,0,PLA_FUCAU,2
2019,FRA1,Anatole France,,48.000995,0.184223,,,0,PLA_ANATO,2
2020,FRA2,Anatole France,,48.001593,0.184424,,,0,PLA_ANATO,1
2338,FRE1,Frères Renault,,48.041990,0.171567,,,0,PLA_FRERE,1
2341,FRO1,Fromendière,,47.983959,0.199516,,,0,PLA_FROME,1
2340,FRS1,Fresnellerie,,47.969349,0.210917,,,0,PLA_FRESN,1
2339,FRS2,Fresnellerie,,47.969789,0.210460,,,0,PLA_FRESN,1
2332,FTE1,Fontenelles,,48.020698,0.225849,,,0,PLA_FONTE,1
2333,FTE2,Fontenelles,,48.020580,0.225922,,,0,PLA_FONTE,2
2342,FUN1,Funay,,47.985037,0.225264,,,0,PLA_FUNAY,2
2343,FUN2,Funay,,47.985267,0.225346,,,0,PLA_FUNAY,2
2344,FUS1,Fusains,,47.985015,0.186375,,,0,PLA_FUSAI,1
1027,GA01,Gares,,47.995510,0.193486,,,0,PLA_GAREN,1
1028,GA02,Gares,,47.995337,0.193895,,,0,PLA_GAREN,1
2347,GAL1,Gallière,,48.027018,0.182455,,,0,PLA_GALLI,2
2352,GAR2,Gares,,47.995789,0.193681,,,0,PLA_GAREN,1
2354,GAS1,Gascogne,,47.952070,0.170913,,,0,PLA_GASCO,1
2428,GAU1,Jean-Michel Gaudré,,47.988976,0.190401,,,0,PLA_JEANM,1
2429,GAU2,Jean-Michel Gaudré,,47.989264,0.191396,,,0,PLA_JEANM,2
2357,GAZ1,Gazonfier,,48.005421,0.227038,,,0,PLA_GAZON,1
2355,GAZ2,Gazonfier,,48.006043,0.227818,,,0,PLA_GAZON,2
2356,GAZ3,Gazonfier,,48.005787,0.227909,,,0,PLA_GAZON,2
2389,GBO1,Guy Bouriat,,48.013575,0.270604,,,0,PLA_GUYBO,1
3039,GBO2,Guy Bouriat,,48.013450,0.273205,,,0,PLA_GUYBO,2
1098,GL01,Glonnières-Centre Sud,,47.972061,0.216918,,,0,PLA_GLONN,1
1099,GL02,Glonnières-Centre Sud,,47.971989,0.216895,,,0,PLA_GLONN,1
2362,GLA1,Gladiateurs,,48.007417,0.202668,,,0,PLA_GLADI,1
2363,GLA2,Gladiateurs,,48.007271,0.203574,,,0,PLA_GLADI,2
2366,GLO1,Glonnières-Centre Sud,,47.972150,0.216608,,,0,PLA_GLONN,1
2364,GLO2,Glonnières-Centre Sud,,47.972633,0.216658,,,0,PLA_GLONN,1
1026,GM01,Gambetta-Mûriers,,48.009478,0.184512,,,0,PLA_GAMBE,1
1025,GM02,Gambetta-Mûriers,,48.009000,0.185457,,,0,PLA_GAMBE,1
1029,GO01,Goya,,47.975160,0.215200,,,0,PLA_RGOYA,1
1030,GO02,Goya,,47.975078,0.215136,,,0,PLA_RGOYA,1
2839,GOG1,Van Gogh,,47.971411,0.213837,,,0,PLA_VANGO,2
2840,GOG2,Van Gogh,,47.971346,0.213699,,,0,PLA_VANGO,2
3104,GOR1,Goron,,48.010197,0.196293,,,0,PLA_GORON,1
3119,GOR2,Goron,,48.010018,0.195903,,,0,PLA_GORON,1
2510,GOU1,Léopold Gouloumes,,48.021514,0.331141,,,0,PLA_LEOPO,1
2511,GOU2,Léopold Gouloumes,,48.020984,0.330934,,,0,PLA_LEOPO,1
2346,GPA1,Gabriel Paillereau,,47.973127,0.147626,,,0,PLA_GABRI,1
2345,GPA2,Gabriel Paillereau,,47.973135,0.147776,,,0,PLA_GABRI,1
1079,GR03,Gares,,47.996108,0.192407,,,0,PLA_GAREN,1
1078,GR04,Gares,,47.995788,0.193448,,,0,PLA_GAREN,1
2370,GRA1,Grand Bois,,48.011496,0.219570,,,0,PLA_GBOIS,2
2371,GRA2,Grand Bois,,48.011583,0.219485,,,0,PLA_GBOIS,2
2375,GRE1,Grémillon,,48.013589,0.163772,,,0,PLA_GREMI,1
2374,GRE2,Grémillon,,48.013554,0.163565,,,0,PLA_GREMI,2
2377,GRN1,Grenoble,,47.976104,0.234003,,,0,PLA_GRENO,1
2376,GRN2,Grenoble,,47.976670,0.233868,,,0,PLA_GRENO,1
2348,GRO1,Gare Routière,,47.996926,0.190323,,,0,PLA_GARER,1
2976,GRR1,Grand Rolland,,48.067673,0.085547,,,0,PLA_GRROL,1
2349,GRS1,Gare Sud,,47.994986,0.189882,,,0,PLA_GARES,2
2379,GRU1,Grues Rouges,,48.054985,0.167454,,,0,PLA_GRUES,2
2378,GRU2,Grues Rouges,,48.055028,0.167651,,,0,PLA_GRUES,1
1032,GU01,Guetteloup-Pôle Santé Sud,,47.964293,0.221155,,,0,PLA_GUETT,1
1031,GU02,Guetteloup-Pôle Santé Sud,,47.964222,0.221185,,,0,PLA_GUETT,1
2381,GUE1,Gué Bernisson,,47.992010,0.237565,,,0,PLA_GUEBE,1
2380,GUE2,Gué Bernisson,,47.992375,0.237164,,,0,PLA_GUEBE,1
2383,GUR1,Guéranger,,48.004074,0.214480,,,0,PLA_GUERA,2
2382,GUR2,Guéranger,,48.004039,0.214802,,,0,PLA_GUERA,2
2385,GUT1,Guetteloup,,47.965452,0.222957,,,0,PLA_GUETT,1
3096,GYM1,Gymnase,,48.059659,0.143309,,,0,PLA_GYMNA,1
3097,GYM2,Gymnase,,48.059662,0.143063,,,0,PLA_GYMNA,1
3098,GYM3,Gymnase,,48.059110,0.142932,,,0,PLA_GYMNA,1
3099,GYM4,Gymnase,,48.059098,0.142770,,,0,PLA_GYMNA,1
2516,HAL1,Les Halles,,48.004547,0.193781,,,0,PLA_LESHA,1
3223,HDZ1,Hôpital Dégré,,48.015333,0.181325,,,0,PLA_HOPIT,1
2392,HEN1,Hendaye,,48.024188,0.197375,,,0,PLA_HENDA,2
2393,HEN2,Hendaye,,48.024087,0.197076,,,0,PLA_HENDA,2
2395,HER1,Hermitage,,47.906255,0.241231,,,0,PLA_HERMI,1
2394,HER2,Hermitage,,47.906174,0.241001,,,0,PLA_HERMI,1
1083,HM03,Hautes Métairies,,47.952719,0.165427,,,0,PLA_LEHMA,1
1082,HM04,Hautes Métairies,,47.952590,0.165258,,,0,PLA_LEHMA,1
1036,HO01,Hôpital,,48.013549,0.175511,,,0,PLA_HOPIT,1
1035,HO02,Hôpital,,48.013416,0.175597,,,0,PLA_HOPIT,1
2520,HOR1,Les Horizons,,48.057256,0.166467,,,0,PLA_LESHO,1
2521,HOR2,Les Horizons,,48.057545,0.166426,,,0,PLA_LESHO,1
2399,HOU1,Houdouard,,48.066800,0.102811,,,0,PLA_HOUDO,1
2400,HOU2,Houdouard,,48.067145,0.102997,,,0,PLA_HOUDO,1
3226,HRZ1,Hopital Rubillard,,48.013172,0.176406,,,0,PLA_HOPIT,1
1080,HS03,Centre Hospitalier Spécialisé,,47.960215,0.165520,,,0,PLA_CHOSP,1
1081,HS04,Centre Hospitalier Spécialisé,,47.959235,0.165574,,,0,PLA_CHOSP,1
2519,HTM1,Les Hautes Metairies,,47.952155,0.165979,,,0,PLA_LEHMA,1
2402,HUC1,Huchepie,,47.967882,0.197395,,,0,PLA_HUCHE,1
2401,HUC2,Huchepie,,47.968098,0.197413,,,0,PLA_HUCHE,1
2403,HUI1,Logis de l'Huisne,,47.999819,0.240336,,,0,PLA_HUISN,1
2404,HUI2,Logis de l'Huisne,,47.999908,0.240127,,,0,PLA_HUISN,1
1034,HV01,Haute Venelle - Clinique du Pré,,48.019848,0.162983,,,0,PLA_HAUTE,1
1033,HV02,Haute Venelle - Clinique du Pré,,48.019815,0.163119,,,0,PLA_HAUTE,1
2398,HVI1,Hôtel de Ville Arnage,,47.926958,0.187426,,,0,PLA_HOTEL,1
3222,HVZ1,Haute Venelle,,48.019991,0.163620,,,0,PLA_HAUTE,1
1037,IS01,Île aux Sports,,47.991117,0.229514,,,0,PLA_ILEAU,1
1038,IS02,Île aux Sports,,47.990917,0.229884,,,0,PLA_ILEAU,1
3145,ISA1,Isaac,,48.015956,0.235552,,,0,PLA_ISAAC,1
3146,ISA2,Isaac,,48.015892,0.235413,,,0,PLA_ISAAC,1
1040,JA01,Jacobins-Quinconces,,48.008876,0.200303,,,0,PLA_JACOB,1
1039,JA02,Jacobins-Quinconces,,48.008838,0.200157,,,0,PLA_JACOB,1
2409,JAC1,Jacobins,,48.009242,0.200264,,,0,PLA_JACOB,1
2408,JAC2,Jacobins,,48.009362,0.200296,,,0,PLA_JACOB,1
3090,JAC3,Jacobins,,48.008582,0.200075,,,0,PLA_JACOB,2
2886,JAQ1,Jacquard,,47.965028,0.184436,,,0,PLA_JCQUA,2
2416,JAR1,Jardin des Plantes,,48.008036,0.207159,,,0,PLA_JPLAN,1
2417,JAR2,Jardin des Plantes,,48.007952,0.208141,,,0,PLA_JPLAN,1
3106,JDA1,Jeanne d' Arc,,48.025559,0.076786,,,0,PLA_JDARC,2
1041,JP01,Jaurès-Pavillon,,47.989522,0.207023,,,0,PLA_JAURE,1
1042,JP02,Jaurès-Pavillon,,47.989531,0.206983,,,0,PLA_JAURE,1
2415,JPR1,Jacques Prévert,,48.023293,0.332474,,,0,PLA_JACQU,1
2414,JPR2,Jacques Prévert,,48.023314,0.332352,,,0,PLA_JACQU,1
1043,JR01,Jules Raimu,,47.968614,0.218839,,,0,PLA_JULES,1
1044,JR02,Jules Raimu,,47.968488,0.218817,,,0,PLA_JULES,1
2419,JSO1,Jardin du Souvenir,,47.965651,0.213228,,,0,PLA_JARDI,1
2418,JSO2,Jardin du Souvenir,,47.965582,0.212942,,,0,PLA_JARDI,1
2989,JUG1,Jugannerie,,48.032068,0.273032,,,0,PLA_JUGAN,1
2990,JUG2,Jugannerie,,48.032154,0.272856,,,0,PLA_JUGAN,1
2946,JUI1,Juigné,,47.951683,0.128334,,,0,PLA_JUIGN,1
3069,JUI2,Juigné,,47.952315,0.129674,,,0,PLA_JUIGN,2
3068,JUI3,Juigné,,47.952255,0.129632,,,0,PLA_JUIGN,2
3045,JUP1,Jupinière,,48.060842,0.103184,,,0,PLA_JUP,2
3046,JUP2,Jupinière,,48.060820,0.103225,,,0,PLA_JUP,2
2434,KAB1,Kaboul,,48.019350,0.222889,,,0,PLA_KABOU,1
2433,KAB2,Kaboul,,48.019755,0.224097,,,0,PLA_KABOU,2
2435,KAB3,Kaboul,,48.019000,0.223762,,,0,PLA_KABOU,2
3229,KER1,Kergomard,,48.012315,0.190255,,,0,PLA_KERGO,1
1045,LA01,Lafayette,,48.006916,0.190046,,,0,PLA_LAFAY,1
1046,LA02,Lafayette,,48.006794,0.190226,,,0,PLA_LAFAY,1
2470,LAF1,Lafayette,,48.006813,0.189912,,,0,PLA_LAFAY,1
2935,LAL1,Les Allourdes,,47.967412,0.121875,,,0,PLA_LESAL,2
2456,LAM1,La Mare,,48.071898,0.131073,,,0,PLA_LAMAR,2
2457,LAM2,La Mare,,48.072164,0.130999,,,0,PLA_LAMAR,2
2523,LAN1,Les Landes,,47.955520,0.229814,,,0,PLA_LESLA,1
2522,LAN2,Les Landes,,47.955432,0.229883,,,0,PLA_LESLA,1
2462,LAP1,La Pointe,,47.984123,0.186627,,,0,PLA_LAPOI,1
2474,LAR1,L'Arche,,48.059832,0.165156,,,0,PLA_LARCE,1
2475,LAR2,L'Arche,,48.060330,0.165146,,,0,PLA_LARCE,1
2945,LAS1,La Saulaie,,47.973547,0.125624,,,0,PLA_LASAU,1
2465,LAT1,La Touche,,47.987483,0.133763,,,0,PLA_LATOU,2
2466,LAT2,La Touche,,47.987469,0.133992,,,0,PLA_LATOU,2
2477,LAU1,Lausanne,,48.022480,0.187476,,,0,PLA_LAUSA,2
2476,LAU2,Lausanne,,48.023051,0.187492,,,0,PLA_LAUSA,2
2471,LBE1,Lambert,,48.005713,0.220961,,,0,PLA_LAMBE,2
2472,LBE2,Lambert,,48.005771,0.221256,,,0,PLA_LAMBE,2
3150,LBO2,La Bodinière,,48.055556,0.342337,,,0,PLA_BODI,1
2931,LCA1,Le Carrefour,,47.950029,0.139893,,,0,PLA_LECAR,1
3000,LCA2,Le Carrefour,,47.950083,0.139891,,,0,PLA_LECAR,1
2923,LCC1,Lycée Claude Chappe,,47.934087,0.184855,,,0,PLA_LYCCC,1
2936,LCE1,Les Courterus,,47.942277,0.115767,,,0,PLA_LESCO,1
2512,LCH1,Les Charmeuses,,47.935147,0.274475,,,0,PLA_LESCH,1
2483,LCL1,Le Clos,,47.985207,0.162150,,,0,PLA_LECLO,1
2888,LCL2,Le Clos,,47.984899,0.161202,,,0,PLA_LECLO,2
2942,LCO1,La Chopinière,,47.947789,0.130305,,,0,PLA_LACHO,1
3003,LCO2,La Chopinière,,47.947897,0.130340,,,0,PLA_LACHO,1
2932,LCT1,Le Châtaignier,,47.950427,0.125213,,,0,PLA_LECHA,1
2977,LDA1,La Denisière,,48.026033,0.079267,,,0,PLA_LADEN,1
3076,LDR1,Ledru-Rollin,,48.010192,0.194861,,,0,PLA_LEDRU,1
3075,LDR2,Ledru-Rollin,,48.010161,0.194920,,,0,PLA_LEDRU,1
3011,LEA1,Léard,,48.026014,0.181413,,,0,PLA_LEARD,1
3010,LEA2,Léard,,48.025798,0.181236,,,0,PLA_LEARD,1
2927,LEC1,Le Chêne,,47.991532,0.149181,,,0,PLA_LECHE,1
2926,LEC2,Le Chêne,,47.991696,0.149268,,,0,PLA_LECHE,1
2493,LEM1,Le Marin,,47.963859,0.160408,,,0,PLA_LEMAR,1
2494,LEM2,Le Marin,,47.963912,0.160184,,,0,PLA_LEMAR,1
2503,LEO2,Léo Delibes,,47.971345,0.159326,,,0,PLA_LEODE,1
2934,LER1,Le Rosier,,47.955498,0.120755,,,0,PLA_LEROS,1
3005,LER2,Le Rosier,,47.955569,0.120738,,,0,PLA_LEROS,1
2528,LES1,Les Robinières,,48.054020,0.144465,,,0,PLA_LESRO,2
2529,LES2,Les Robinières,,48.053979,0.144655,,,0,PLA_LESRO,2
2565,LET2,Marcel Létang,,47.944777,0.265163,,,0,PLA_MARLE,1
1047,LF01,Leclerc-Fleurus,,47.998191,0.195012,,,0,PLA_LECLE,1
1048,LF02,Leclerc-Fleurus,,47.998180,0.194906,,,0,PLA_LECLE,1
3071,LFL2,Fosse Louvette,,48.057793,0.107748,,,0,PLA_LAFOU,1
2445,LFO1,La Folie,,48.066116,0.108463,,,0,PLA_LAFOL,1
2446,LFO2,La Folie,,48.066052,0.108439,,,0,PLA_LAFOL,1
2486,LFU1,Le Fouillet,,48.065474,0.090385,,,0,PLA_LEFOU,1
2975,LFU2,Le Fouillet,,48.065337,0.090567,,,0,PLA_LEFOU,1
3201,LFX1,La Fabrique,,48.001031,0.187789,,,0,PLA_LAFAB,1
2449,LGA1,La Gautrie,,47.945657,0.184323,,,0,PLA_LAGAU,1
2450,LGA2,La Gautrie,,47.945573,0.184308,,,0,PLA_LAGAU,1
3149,LGC1,Le Gros Chêne,,48.055649,0.342213,,,0,PLA_LGC,1
2473,LGD1,Languedoc,,47.955628,0.171519,,,0,PLA_LANGU,1
2452,LGE1,La Germinière,,48.011689,0.124573,,,0,PLA_LAGER,2
2454,LGR1,La Grande Salle,,47.995441,0.108710,,,0,PLA_LAGRA,2
2453,LGR2,La Grande Salle,,47.995247,0.108580,,,0,PLA_LAGRA,1
2507,LGU1,Léon Guet,,47.967673,0.223032,,,0,PLA_LEONG,1
2506,LGU2,Léon Guet,,47.967998,0.223668,,,0,PLA_LEONG,1
2978,LGV1,Les Gravillons,,48.024826,0.079009,,,0,PLA_LESGR,1
2979,LGV2,Les Gravillons,,48.024842,0.079588,,,0,PLA_LESGR,1
2943,LHA1,La Hardangère,,47.951304,0.141171,,,0,PLA_LAHAR,1
2490,LHO1,Le Houx,,48.067480,0.132732,,,0,PLA_LEHOU,2
2489,LHO2,Le Houx,,48.068515,0.132574,,,0,PLA_LEHOU,2
2534,LIB1,Libération,,48.004589,0.187335,,,0,PLA_LIBER,1
2535,LIB2,Libération,,48.004346,0.187293,,,0,PLA_LIBER,1
2536,LIL1,Lilas,,47.984963,0.195570,,,0,PLA_LILAS,2
2920,LLA1,École Louise Labé,,48.020819,0.180000,,,0,PLA_ECOLL,1
3152,LLB2,Les Landes de la Bécanne,,48.044390,0.330945,,,0,PLA_LDLB,1
1084,LM03,Lycée Malraux,,47.956498,0.165928,,,0,PLA_LYCMA,1
1085,LM04,Lycée Malraux,,47.956335,0.165854,,,0,PLA_LYCMA,1
2938,LMA1,Les Maréchaux,,47.944370,0.118450,,,0,PLA_LESMA,2
2455,LMD1,Collège La Madeleine,,48.023854,0.184086,,,0,PLA_COLMA,1
2459,LMI1,La Milesse,,48.063681,0.136482,,,0,PLA_LAMIL,1
2458,LMI2,La Milesse,,48.064013,0.136198,,,0,PLA_LAMIL,2
2969,LMO1,Lycée Montesquieu,,48.007237,0.200590,,,0,PLA_LYCMO,1
2972,LMO2,Lycée Montesquieu,,48.009785,0.201451,,,0,PLA_LYCMO,1
2740,LOI1,Rue du Loir,,47.988093,0.166648,,,0,PLA_RUDLO,1
2739,LOI2,Rue du Loir,,47.987744,0.166303,,,0,PLA_RUDLO,1
3148,LP1,La Pointe,,48.044814,0.328506,,,0,PLA_POINT,1
2933,LPE1,Le Pâtis Vert,,47.955421,0.124280,,,0,PLA_LEPAT,1
3004,LPE2,Le Pâtis Vert,,47.955511,0.124303,,,0,PLA_LEPAT,1
2526,LPI1,Les Pins,,47.940026,0.265348,,,0,PLA_LESPI,1
2527,LPI2,Les Pins,,47.939830,0.266126,,,0,PLA_LESPI,1
2525,LPL1,Les Palis,,48.023037,0.182548,,,0,PLA_LESPA,1
2524,LPL2,Les Palis,,48.023249,0.182719,,,0,PLA_LESPA,1
2944,LPO1,La Pointe Allonnes,,47.948411,0.134698,,,0,PLA_LPOIA,1
3002,LPO2,La Pointe Allonnes,,47.948455,0.134616,,,0,PLA_LPOIA,1
2496,LPR1,Le Pressoir,,47.944041,0.268345,,,0,PLA_LEPRE,1
2495,LPR2,Le Pressoir,,47.944288,0.268414,,,0,PLA_LEPRE,1
2953,LPV1,Le Pavillon,,47.946978,0.130714,,,0,PLA_LEPAV,1
2460,LPX1,La Paix,,48.024215,0.202296,,,0,PLA_LAPAI,1
2461,LPX2,La Paix,,48.024141,0.202291,,,0,PLA_LAPAI,1
2959,LSC1,Collège Les Sources,,47.970982,0.223297,,,0,PLA_COLSO,1
2531,LSO1,Les Sources,,47.972404,0.221576,,,0,PLA_LESOU,1
2530,LSO2,Les Sources,,47.972269,0.221934,,,0,PLA_LESOU,1
2540,LSU1,Lycée Sud,,47.982411,0.228575,,,0,PLA_LYCSU,2
2539,LSU2,Lycée Sud,,47.982486,0.228486,,,0,PLA_LYCSU,2
2892,LTE1,Les Teillais,,47.948820,0.122977,,,0,PLA_LESTE,1
2941,LTR1,Les Tremelières,,47.962521,0.120098,,,0,PLA_LESTR,1
3007,LTR2,Les Tremelières,,47.962512,0.120099,,,0,PLA_LESTR,1
2492,LUA1,Le Luard,,48.009556,0.263665,,,0,PLA_LELUA,1
2491,LUA2,Le Luard,,48.009475,0.263505,,,0,PLA_LELUA,1
2130,LVA1,Brissons,,47.936834,0.268885,,,0,PLA_BRISS,1
2532,LVE2,Les Verts,,48.037534,0.177141,,,0,PLA_LESVE,1
3009,LVE3,Les Verts,,48.037109,0.177428,,,0,PLA_LESVE,1
2921,LWA1,Lycée Washington,,47.994764,0.203174,,,0,PLA_LYCEE,1
2964,LYB1,Lycée Bellevue,,48.012001,0.205233,,,0,PLA_LYBEL,1
2973,LYB2,Lycée Bellevue,,48.012352,0.205657,,,0,PLA_LYBEL,1
2965,LYM1,Lycée Malraux,,47.956036,0.166723,,,0,PLA_LYCMA,1
1087,MA03,Mairie Allonnes,,47.970271,0.159614,,,0,PLA_MAIAL,1
1086,MA04,Mairie Allonnes,,47.970072,0.159582,,,0,PLA_MAIAL,1
2424,MAC1,Jean Macé,,47.990174,0.193451,,,0,PLA_JMACE,1
2425,MAC2,Jean Macé,,47.990166,0.193612,,,0,PLA_JMACE,1
2541,MAD1,Madon,,47.961983,0.203699,,,0,PLA_MADON,1
2542,MAD2,Madon,,47.961843,0.203646,,,0,PLA_MADON,1
2556,MAL1,Malpalu,,48.000725,0.219373,,,0,PLA_MALPA,2
2617,MAN1,Nelson Mandela,,47.986774,0.181275,,,0,PLA_NELSO,1
2616,MAN2,Nelson Mandela,,47.987072,0.181706,,,0,PLA_NELSO,1
2557,MAQ1,Maquère,,48.077103,0.115771,,,0,PLA_MAQUE,2
2558,MAQ2,Maquère,,48.077770,0.115367,,,0,PLA_MAQUE,2
3013,MAR1,Maréchaux,,48.039066,0.246649,,,0,PLA_MAREC,1
2550,MAS1,Mairie St-Georges,,47.972672,0.099782,,,0,PLA_MAISG,1
2551,MAS2,Mairie St-Georges,,47.972483,0.099247,,,0,PLA_MAISG,1
2553,MAT1,Mairie Trangé,,48.027107,0.113264,,,0,PLA_MAIRI,1
2552,MAT2,Mairie Trangé,,48.027182,0.113237,,,0,PLA_MAIRI,1
1088,MB03,Martin-Bréguet,,47.976393,0.168097,,,0,PLA_MARTI,1
1089,MB04,Martin-Bréguet,,47.976344,0.167871,,,0,PLA_MARTI,1
2581,MED1,Mediathèque,,48.002388,0.192428,,,0,PLA_MEDIA,1
2583,MEL1,Méliès,,48.011220,0.160962,,,0,PLA_MELIE,2
2582,MEL2,Méliès,,48.010841,0.160813,,,0,PLA_MELIE,1
2584,MEN1,Mendès-France,,48.006817,0.199615,,,0,PLA_MENDE,1
3089,MEN2,Mendès-France,,48.006769,0.199664,,,0,PLA_MENDE,1
2606,MEV1,Moulin l'Évêque,,48.024327,0.187291,,,0,PLA_MOULI,2
2607,MEV2,Moulin l'Évêque,,48.024247,0.187356,,,0,PLA_MOULI,2
2891,MGE1,Mongre,,47.955684,0.115859,,,0,PLA_MONGR,1
2890,MGE2,Mongre,,47.955595,0.115929,,,0,PLA_MONGR,1
2595,MGU1,Montaigu,,47.983989,0.156441,,,0,PLA_MONTA,1
2594,MGU2,Montaigu,,47.984154,0.156816,,,0,PLA_MONTA,1
3040,MIC1,Louise Michel,,48.024219,0.329238,,,0,PLA_LOUMI,1
3041,MIC2,Louise Michel,,48.024052,0.329740,,,0,PLA_LOUMI,1
2586,MIL1,Millet,,47.973814,0.223828,,,0,PLA_MILLE,1
2585,MIL2,Millet,,47.973433,0.223073,,,0,PLA_MILLE,1
2587,MIR1,Miroir,,47.989718,0.198818,,,0,PLA_MIROI,1
2588,MIR2,Miroir,,47.990210,0.199471,,,0,PLA_MIROI,1
3088,MLM3,Mairie du Mans,,48.006826,0.197375,,,0,PLA_MAILE,1
2543,MNE1,Maine,,48.014577,0.267192,,,0,PLA_MAINE,1
2544,MNE2,Maine,,48.014835,0.268078,,,0,PLA_MAINE,1
2592,MNI1,Monier,,47.953630,0.184595,,,0,PLA_MONIE,2
2591,MNI2,Monier,,47.953712,0.184611,,,0,PLA_MONIE,2
2924,MNV1,Maison Neuve,,47.921500,0.220273,,,0,PLA_MAINV,1
2925,MNV2,Maison Neuve,,47.921371,0.220078,,,0,PLA_MAINV,1
2590,MON1,Monet,,47.975086,0.224573,,,0,PLA_MONET,1
2589,MON2,Monet,,47.975254,0.224129,,,0,PLA_MONET,1
2600,MOR1,Morane,,47.964298,0.205759,,,0,PLA_MORAN,1
2601,MOR2,Morane,,47.964131,0.205610,,,0,PLA_MORAN,1
2568,MPA1,Marcel Pagnol,,48.011413,0.167833,,,0,PLA_MARPA,2
2567,MPA2,Marcel Pagnol,,48.010699,0.167561,,,0,PLA_MARPA,2
2570,MPL1,Marcel Paul,,47.978050,0.228662,,,0,PLA_MARPL,1
2569,MPL2,Marcel Paul,,47.978153,0.228610,,,0,PLA_MARPL,1
2548,MPR1,Mairie Pruillé-le-Chétif,,47.993397,0.107708,,,0,PLA_MAIPR,2
2549,MPR2,Mairie Pruillé-le-Chétif,,47.993988,0.107619,,,0,PLA_MAIPR,2
3049,MPT2,Maupertuis,,47.996108,0.216937,,,0,PLA_MAUPT,1
2560,MRB1,Marbot,,48.009687,0.174441,,,0,PLA_MARBO,1
2559,MRB2,Marbot,,48.009654,0.174219,,,0,PLA_MARBO,2
2577,MRC1,Maroc,,47.971351,0.204878,,,0,PLA_MAROC,1
2576,MRC2,Maroc,,47.971112,0.205008,,,0,PLA_MAROC,1
3021,MRC4,Maroc,,47.972076,0.204667,,,0,PLA_MAROC,2
2603,MRD1,Mordret,,48.014418,0.215497,,,0,PLA_MORDR,2
2602,MRD2,Mordret,,48.014271,0.215114,,,0,PLA_MORDR,2
2605,MRE1,Moreau,,47.998466,0.169765,,,0,PLA_MOREA,1
2604,MRE2,Moreau,,47.998660,0.169839,,,0,PLA_MOREA,1
2571,MRI1,Mariette,,47.998735,0.213381,,,0,PLA_MARIE,2
2572,MRI2,Mariette,,47.999010,0.213401,,,0,PLA_MARIE,2
2555,MRO1,Maisons Rouges,,48.022325,0.098546,,,0,PLA_MAISO,1
2554,MRO2,Maisons Rouges,,48.022482,0.098232,,,0,PLA_MAISO,1
3103,MRU1,Mairie Ruaudin,,47.944903,0.264242,,,0,PLA_MAIRUA,2
2573,MRV1,Marivaux,,47.999366,0.227991,,,0,PLA_MARIV,1
2598,MSA1,Montsaulnière,,48.020997,0.183537,,,0,PLA_MONTS,1
2599,MSA2,Montsaulnière,,48.020814,0.183883,,,0,PLA_MONTS,1
2578,MSS1,Massenet,,47.968688,0.162914,,,0,PLA_MASSE,1
2579,MSS2,Massenet,,47.968620,0.162979,,,0,PLA_MASSE,1
2765,MST1,Mulsanne,,47.907055,0.238144,,,0,PLA_MULSA,1
2593,MTG1,Montagne,,48.016886,0.188470,,,0,PLA_MOTAG,1
2597,MTH1,Monthéard,,47.994243,0.213677,,,0,PLA_MONTH,2
2596,MTH2,Monthéard,,47.994346,0.213926,,,0,PLA_MONTH,2
3138,MTR1,Maternité Parking P4,,48.015769,0.178993,,,0,PLA_MATER,1
3139,MTR2,Maternité Parking P4,,48.015556,0.179049,,,0,PLA_MATER,1
2609,MUR1,Mûriers,,48.011684,0.186354,,,0,PLA_MURIE,1
2608,MUR2,Mûriers,,48.011917,0.185329,,,0,PLA_MURIE,1
2611,MUT1,Mutuel,,48.008353,0.217414,,,0,PLA_MUTUE,1
2610,MUT2,Mutuel,,48.008426,0.217293,,,0,PLA_MUTUE,2
2910,MVI1,Martial Vivet,,48.019750,0.153346,,,0,PLA_MVIVE,1
2911,MVI2,Martial Vivet,,48.019675,0.153215,,,0,PLA_MVIVE,1
2613,NAR1,Narcisses,,48.014498,0.264801,,,0,PLA_NARCI,1
2612,NAR2,Narcisses,,48.014705,0.264974,,,0,PLA_NARCI,1
2046,NAT2,Avenue Nationale,,47.927441,0.184910,,,0,PLA_AVENU,1
2614,NAU1,Nauguibert,,47.935584,0.186726,,,0,PLA_NAUGU,1
2615,NAU2,Nauguibert,,47.936000,0.186730,,,0,PLA_NAUGU,1
3066,NET1,Nettleham,,47.912705,0.249631,,,0,PLA_NETTL,1
2619,NIC1,Nice,,48.022001,0.196567,,,0,PLA_RNICE,1
2618,NIC2,Nice,,48.022243,0.196434,,,0,PLA_RNICE,1
1090,NO03,Novaxud,,47.994467,0.185715,,,0,PLA_NOVAX,1
1091,NO04,Novaxud,,47.994338,0.185546,,,0,PLA_NOVAX,1
2621,NOG1,Noguès,,47.964132,0.197440,,,0,PLA_NOGUE,2
2620,NOG2,Noguès,,47.963019,0.196613,,,0,PLA_NOGUE,1
2624,OAI1,Oasis - Centre des Expositions,,47.960605,0.200395,,,0,PLA_OASIS,1
2623,OAI2,Oasis - Centre des Expositions,,47.960624,0.200421,,,0,PLA_OASIS,1
2622,OAI3,Oasis - Centre des Expositions,,47.960641,0.199912,,,0,PLA_OASIS,1
3143,OAI4,Oasis - Centre des Expositions,,47.960614,0.200408,,,0,PLA_OASIS,1
3144,OAI5,Oasis - Centre des Expositions,,47.960633,0.200434,,,0,PLA_OASIS,1
2626,ORE1,Orée du Bois,,47.913462,0.250333,,,0,PLA_OREED,1
2627,ORM1,Ormeau,,48.006215,0.138800,,,0,PLA_ORMEA,1
2628,ORM2,Ormeau,,48.006190,0.139081,,,0,PLA_ORMEA,1
3135,P1P2A,Parking P1-P2,,48.013417,0.176042,,,0,PLA_PARKI,1
3134,P3,Parking P3,,48.015276,0.172871,,,0,PLA_PARKN,1
3153,PAC2,Parking avant carrefour,,48.045891,0.348865,,,0,PLA_PAC,1
2631,PAG1,Pagès,,47.994205,0.176322,,,0,PLA_PAGES,1
2632,PAG2,Pagès,,47.994266,0.176261,,,0,PLA_PAGES,1
2638,PAL1,Palmiers,,48.018826,0.201657,,,0,PLA_PALMI,1
2639,PAL2,Palmiers,,48.018753,0.201423,,,0,PLA_PALMI,1
2641,PAN1,Panhard,,48.032431,0.174313,,,0,PLA_PANHA,1
2640,PAN2,Panhard,,48.032860,0.174357,,,0,PLA_PANHA,1
2939,PAO1,Les Petites Allourdes,,47.969169,0.125627,,,0,PLA_LESPE,1
2643,PAP1,Papin,,47.974239,0.199642,,,0,PLA_PAPIN,1
2642,PAP2,Papin,,47.973555,0.199161,,,0,PLA_PAPIN,2
3020,PAP4,Papin,,47.973494,0.199784,,,0,PLA_PAPIN,2
2991,PAR1,Parence,,48.035714,0.288074,,,0,PLA_PAREN,2
2646,PAS1,Pasteur,,47.967351,0.156858,,,0,PLA_PASTE,2
2645,PAS2,Pasteur,,47.967006,0.156873,,,0,PLA_PASTE,2
2654,PAV1,Pavé,,48.009013,0.180878,,,0,PLA_RPAVE,2
2653,PAV2,Pavé,,48.008892,0.180941,,,0,PLA_RPAVE,2
2633,PAX1,Paixhans,,47.996929,0.206700,,,0,PLA_PAIXH,1
2634,PAX2,Paixhans,,47.996498,0.206358,,,0,PLA_PAIXH,1
3026,PCB2,Courboulay,,48.005581,0.191963,,,0,PLA_COUR,2
2930,PCH1,Petit Chanteloup,,47.958575,0.113205,,,0,PLA_PETIT,1
3006,PCH2,Petit Chanteloup,,47.958298,0.113297,,,0,PLA_PETIT,1
2662,PCX1,Petite Croix,,48.025321,0.171045,,,0,PLA_PTCRX,1
2661,PCX2,Petite Croix,,48.025715,0.170448,,,0,PLA_PTCRX,1
3151,PDE1,Place de l'église,,48.045629,0.347329,,,0,PLA_PDLE,1
2637,PDG2,Palais des Congrès,,47.999727,0.192222,,,0,PLA_PALAI,1
2657,PDX1,Perdrix,,48.010125,0.225536,,,0,PLA_PERDR,1
2658,PDX2,Perdrix,,48.010535,0.225327,,,0,PLA_PERDR,1
1095,PE03,Pêcheurs,,47.990050,0.182277,,,0,PLA_PECHE,1
1094,PE04,Pêcheurs,,47.989921,0.182121,,,0,PLA_PECHE,1
2659,PER1,Perrières,,47.964245,0.157228,,,0,PLA_PERRI,1
2660,PER2,Perrières,,47.964412,0.156681,,,0,PLA_PERRI,1
2663,PIE1,Pied Sec,,47.984323,0.201693,,,0,PLA_PIEDS,1
2664,PIF1,Pierre Piffault,,47.978736,0.177558,,,0,PLA_PIERR,2
2665,PIF2,Pierre Piffault,,47.978706,0.177693,,,0,PLA_PIERR,2
2668,PIP1,Pipèche,,48.004025,0.173886,,,0,PLA_PIPEC,2
2669,PIP2,Pipèche,,48.003964,0.173888,,,0,PLA_PIPEC,2
2260,PIR1,Didier Pironi,,48.035382,0.239980,,,0,PLA_DIDIE,1
2671,PIS1,Piscine,,47.961748,0.164939,,,0,PLA_PISCI,1
2670,PIS2,Piscine,,47.961880,0.165014,,,0,PLA_PISCI,1
2672,PIV1,Pivoines,,48.013611,0.265554,,,0,PLA_PIVOI,1
2673,PIV2,Pivoines,,48.013591,0.265672,,,0,PLA_PIVOI,1
2676,PLE1,Plessis,,48.026741,0.206176,,,0,PLA_PLESS,1
2677,PLE2,Plessis,,48.026794,0.206134,,,0,PLA_PLESS,1
2651,PLJ1,Paul-Louis Jacques,,48.018445,0.208338,,,0,PLA_PAULL,2
2650,PLJ2,Paul-Louis Jacques,,48.018389,0.208914,,,0,PLA_PAULL,2
2652,PLJ3,Paul-Louis Jacques,,48.017711,0.206769,,,0,PLA_PAULL,2
2649,PLJ4,Paul-Louis Jacques,,48.017682,0.206677,,,0,PLA_PAULL,2
3101,PLL1,Passerelle,,48.013323,0.199315,,,0,PLA_PASSER,1
3120,PLL2,Passerelle,,48.013793,0.199665,,,0,PLA_PASSER,1
2674,PLT1,Platanes,,47.978413,0.234390,,,0,PLA_PLATA,1
2675,PLT2,Platanes,,47.979008,0.234505,,,0,PLA_PLATA,1
2681,PLY1,Polygone,,47.984088,0.191257,,,0,PLA_POLYG,2
2680,PLY2,Polygone,,47.984597,0.190147,,,0,PLA_POLYG,2
2644,PMA1,Parc Manceau,,48.032477,0.181492,,,0,PLA_PARCM,1
1052,PO01,Pontlieue,,47.982445,0.211141,,,0,PLA_PONTL,1
1051,PO02,Pontlieue,,47.982363,0.211064,,,0,PLA_PONTL,1
1093,POI3,Patte d'Oie,,47.978557,0.173247,,,0,PLA_PATTE,1
1092,POI4,Patte d'Oie,,47.978429,0.173091,,,0,PLA_PATTE,1
2679,POL1,Polucan,,48.011327,0.285557,,,0,PLA_POLUC,1
2678,POL2,Polucan,,48.011556,0.285523,,,0,PLA_POLUC,1
2683,POM1,Pommiers,,47.945109,0.187847,,,0,PLA_POMMI,1
2682,POM2,Pommiers,,47.945007,0.187872,,,0,PLA_POMMI,1
2744,POR1,Rue du Port,,47.931748,0.186832,,,0,PLA_RUEDU,1
2743,POR2,Rue du Port,,47.931307,0.186672,,,0,PLA_RUEDU,1
3102,PPL1,Petit Plessis,,47.948461,0.260918,,,0,PLA_PETITP,1
3105,PPL2,Petit Plessis,,47.949030,0.260493,,,0,PLA_PETITP,1
3029,PPR1,Pont Perrin,,48.006773,0.191954,,,0,PLA_PONPR,2
3030,PPR2,Pont Perrin,,48.006809,0.192048,,,0,PLA_PONPR,2
1053,PR01,Préfecture,,48.000815,0.197278,,,0,PLA_PREFE,1
1054,PR02,Préfecture,,48.000786,0.197186,,,0,PLA_PREFE,1
2656,PRC1,Perche,,48.015224,0.270064,,,0,PLA_PERCH,1
2691,PRE1,Préau,,47.987313,0.202851,,,0,PLA_PREAU,2
2692,PRE2,Préau,,47.987347,0.202917,,,0,PLA_PREAU,2
2693,PRF1,Préfecture,,48.001493,0.197492,,,0,PLA_PREFE,1
2695,PRI1,Primevère,,48.008426,0.136016,,,0,PLA_PRIME,2
2696,PRI2,Primevère,,48.008790,0.136031,,,0,PLA_PRIME,1
3062,PRR1,Leprince Ringuet,,48.017558,0.146116,,,0,PLA_PRIRI,1
3063,PRR2,Leprince Ringuet,,48.017486,0.146185,,,0,PLA_PRIRI,1
2803,PRU1,Sully Prudhomme,,48.001640,0.230921,,,0,PLA_SULLY,1
2804,PRU2,Sully Prudhomme,,48.001570,0.231007,,,0,PLA_SULLY,1
2918,PSA1,Collège La Psallette,,48.016529,0.204605,,,0,PLA_COLPS,1
2993,PST1,Passe-Temps,,48.030328,0.280505,,,0,PLA_PASSE,1
2687,PTL1,Pontlieue-Geneslay,,47.982396,0.210125,,,0,PLA_PONGE,1
2688,PTL2,Pontlieue-Geneslay,,47.982666,0.210409,,,0,PLA_PONGE,1
2697,PUI1,Puits Fendu,,48.011501,0.158348,,,0,PLA_PUITS,2
2698,PUI2,Puits Fendu,,48.011399,0.158394,,,0,PLA_PUITS,2
2929,PVI1,Pavillon,,47.994287,0.143531,,,0,PLA_PAVIL,1
2952,PVI2,Pavillon,,47.994456,0.143390,,,0,PLA_PAVIL,1
2700,PYR1,Pyrénées,,47.992677,0.225203,,,0,PLA_PYREN,1
2699,PYR2,Pyrénées,,47.992827,0.225367,,,0,PLA_PYREN,1
2228,QUE1,Colonel Quéru,,48.016763,0.184365,,,0,PLA_COLON,2
2229,QUE2,Colonel Quéru,,48.016810,0.184448,,,0,PLA_COLON,1
2701,QUI1,Quinconces,,48.007310,0.200581,,,0,PLA_JACOB,1
2702,RAC1,Rachel,,48.011010,0.210169,,,0,PLA_RACHE,2
2703,RAC2,Rachel,,48.011804,0.208947,,,0,PLA_RACHE,2
2882,RAY1,Colonel Raynal,,47.999880,0.185562,,,0,PLA_COLRY,1
1011,RC01,Campus-Ribay,,48.015923,0.161389,,,0,PLA_CAMPU,1
1009,RC02,Campus-Ribay,,48.016014,0.161439,,,0,PLA_CAMPU,1
2719,RCH1,Richepin,,48.019047,0.187005,,,0,PLA_RCHPI,1
2718,RCH2,Richepin,,48.019003,0.187142,,,0,PLA_RCHPI,1
2704,RCI1,Racine,,48.000019,0.170141,,,0,PLA_RACIN,2
2720,RCT1,Richet,,48.024613,0.184557,,,0,PLA_RICHE,2
2721,RCT2,Richet,,48.024683,0.184738,,,0,PLA_RICHE,2
3118,RDC1,Route du Chêne,,47.934499,0.187999,,,0,PLA_RTEDC,2
2742,RDN1,Rue du Nord,,48.005055,0.211053,,,0,PLA_RUDNO,2
2741,RDN2,Rue du Nord,,48.005135,0.211067,,,0,PLA_RUDNO,2
1055,RE01,République,,48.004004,0.196546,,,0,PLA_REPUB,1
1056,RE02,République,,48.003924,0.196629,,,0,PLA_REPUB,1
2706,REM1,Rembrandt,,47.971615,0.211531,,,0,PLA_REMBR,1
2707,REM2,Rembrandt,,47.971537,0.211626,,,0,PLA_REMBR,2
3140,REN1,Auguste Renoir,,47.961796,0.155322,,,0,PLA_RENOI,1
3155,REN2,Auguste Renoir,,47.961072,0.155003,,,0,PLA_RENOI,1
2713,REP3,République,,48.003495,0.197426,,,0,PLA_REPUB,1
3086,REP4,République,,48.004209,0.197819,,,0,PLA_REPUB,1
2715,RES1,Résistants,,47.995538,0.211068,,,0,PLA_RESIS,2
2716,RES2,Résistants,,47.995903,0.211324,,,0,PLA_RESIS,2
2894,RFA1,Route de Fay,,47.993470,0.106494,,,0,PLA_RTFAY,1
2893,RFA2,Route de Fay,,47.993534,0.106531,,,0,PLA_RTFAY,1
2497,RIB1,Le Ribay,,48.013582,0.161500,,,0,PLA_LERIB,1
2498,RIB2,Le Ribay,,48.013595,0.161630,,,0,PLA_LERIB,1
2717,RIC1,Richedoué,,48.003611,0.186314,,,0,PLA_RCHED,1
3225,RIZ1,Campus-Ribay,,48.014457,0.162361,,,0,PLA_CAMPU,1
2729,RLU1,Route du Lude,,47.922441,0.184589,,,0,PLA_RTLUD,2
2731,RMS1,Route du Mans,,47.974262,0.104084,,,0,PLA_ROUTE,1
2730,RMS2,Route du Mans,,47.974336,0.103991,,,0,PLA_ROUTE,1
2710,RNC1,Renoncules,,47.950502,0.188267,,,0,PLA_RENON,2
2711,RNC2,Renoncules,,47.950003,0.188538,,,0,PLA_RENON,2
2705,RNE1,Raineries,,47.963589,0.208418,,,0,PLA_RAINE,1
3074,RNE2,Raineries,,47.963563,0.208430,,,0,PLA_RAINE,1
2464,ROC1,La Rochelle,,48.020590,0.180413,,,0,PLA_LAROC,1
2463,ROC2,La Rochelle,,48.020834,0.180202,,,0,PLA_LAROC,1
2724,RON1,Ronceray,,47.973825,0.206063,,,0,PLA_RONCE,1
2725,RON2,Ronceray,,47.973887,0.206346,,,0,PLA_RONCE,1
2995,ROT1,Rôti,,48.034880,0.282057,,,0,PLA_ROTIY,1
2996,ROT2,Rôti,,48.035412,0.282680,,,0,PLA_ROTIY,1
2726,ROU1,Rouillon,,48.004708,0.136418,,,0,PLA_ROUIL,1
3171,ROU2,Rouillon,,48.003298,0.134281,,,0,PLA_ROUIL,1
2182,ROY1,Chasse Royale,,48.014815,0.186601,,,0,PLA_CHASS,1
2183,ROY2,Chasse Royale,,48.014577,0.186838,,,0,PLA_CHASS,1
2181,ROY3,Chasse Royale,,48.014832,0.186064,,,0,PLA_CHASS,2
2708,RPI1,Renault,,47.980478,0.178858,,,0,PLA_RENAU,1
2709,RPI2,Renault,,47.981515,0.180236,,,0,PLA_RENAU,1
2738,RRU1,Rue de Ruaudin,,47.972916,0.231237,,,0,PLA_RUEDE,1
2736,RRU2,Rue de Ruaudin,,47.972378,0.230742,,,0,PLA_RUEDE,1
2727,RSS1,Rousseau,,47.976060,0.201846,,,0,PLA_ROUSS,2
2728,RSS2,Rousseau,,47.976579,0.202376,,,0,PLA_ROUSS,1
2746,SAB1,Sables,,48.023684,0.201794,,,0,PLA_SABLE,2
2745,SAB2,Sables,,48.023778,0.201562,,,0,PLA_SABLE,2
2747,SAF1,Saffray,,48.006661,0.180013,,,0,PLA_SAFFR,2
2748,SAF2,Saffray,,48.007122,0.180304,,,0,PLA_SAFFR,2
2359,SAN1,George Sand,,48.014352,0.271523,,,0,PLA_GESAN,1
2358,SAN2,George Sand,,48.014855,0.270319,,,0,PLA_GESAN,1
2749,SAP1,Sapins,,47.979960,0.208961,,,0,PLA_SAPIN,1
2750,SAP2,Sapins,,47.980146,0.209266,,,0,PLA_SAPIN,1
2751,SAR1,Sargé-lès-le-Mans,,48.034019,0.240630,,,0,PLA_SARGE,1
2177,SAU1,Charles Sauria,,48.034633,0.179595,,,0,PLA_CHARL,1
2178,SAU2,Charles Sauria,,48.034535,0.179731,,,0,PLA_CHARL,1
2752,SAV1,Savoie,,47.954570,0.165986,,,0,PLA_SAVOI,1
2997,SBL1,Sablon Blanc,,48.027764,0.256090,,,0,PLA_SBLAN,1
2998,SBL2,Sablon Blanc,,48.027891,0.256112,,,0,PLA_SBLAN,1
3058,SCO1,Scotto,,48.016067,0.141085,,,0,PLA_SCOTT,1
3059,SCO2,Scotto,,48.016372,0.141365,,,0,PLA_SCOTT,1
2768,SCR1,St-Christophe,,48.040090,0.152219,,,0,PLA_STCHR,1
2769,SCR2,St-Christophe,,48.040397,0.152060,,,0,PLA_STCHR,1
2755,SEC1,Sécurité Sociale,,47.996792,0.219838,,,0,PLA_SECUR,1
2756,SEC2,Sécurité Sociale,,47.997153,0.218605,,,0,PLA_SECUR,1
2758,SET1,SETRAM,,47.976890,0.176210,,,0,PLA_SETRA,2
2757,SET2,SETRAM,,47.976332,0.175929,,,0,PLA_SETRA,1
2781,SHU1,St-Hubert,,48.015560,0.335428,,,0,PLA_STHUB,1
2783,SJO1,St-Joseph,,47.984409,0.141987,,,0,PLA_STJOS,2
2782,SJO2,St-Joseph,,47.984795,0.141539,,,0,PLA_STJOS,1
2789,SLI1,St-Liboire,,48.017033,0.185550,,,0,PLA_STLIB,1
2788,SLI2,St-Liboire,,48.017243,0.185540,,,0,PLA_STLIB,1
1057,SM01,St-Martin,,47.985809,0.209612,,,0,PLA_STMAR,1
1058,SM02,St-Martin,,47.985698,0.209416,,,0,PLA_STMAR,1
2797,SMI1,St-Michel,,48.021418,0.201785,,,0,PLA_STMIC,1
2796,SMI2,St-Michel,,48.021377,0.201565,,,0,PLA_STMIC,1
2760,SOL1,Solitude,,48.004459,0.219723,,,0,PLA_SOLIT,1
2759,SOL2,Solitude,,48.003974,0.220512,,,0,PLA_SOLIT,1
2940,SOU1,Les Souvres,,47.949753,0.138619,,,0,PLA_LESSO,1
3001,SOU2,Les Souvres,,47.949806,0.138563,,,0,PLA_LESSO,1
3053,SOV1,Souvenance,,48.020064,0.144033,,,0,PLA_SOUVE,1
3054,SOV2,Souvenance,,48.019337,0.148244,,,0,PLA_SOUVE,1
2762,SPO1,Spoutnik,,47.983445,0.183467,,,0,PLA_SPOUT,2
2761,SPO2,Spoutnik,,47.983202,0.183324,,,0,PLA_SPOUT,1
1097,ST03,Stade Georges Garnier,,47.973358,0.158723,,,0,PLA_STGGA,1
1096,ST04,Stade Georges Garnier,,47.972953,0.158726,,,0,PLA_STGGA,1
2767,STA1,St-Aldric,,48.012070,0.212890,,,0,PLA_STALD,2
2766,STA2,St-Aldric,,48.012004,0.212709,,,0,PLA_STALD,2
2763,STD1,Stade Asnillé,,47.996100,0.105124,,,0,PLA_STASN,2
2764,STD2,Stade Asnillé,,47.996149,0.105063,,,0,PLA_STASN,2
3095,STE5,St-Exupéry,,48.000451,0.211705,,,0,PLA_STEX,2
3094,STE6,St-Exupéry,,48.000496,0.211812,,,0,PLA_STEX,2
2779,STG1,St-Georges,,47.983683,0.151587,,,0,PLA_STGEO,1
2777,STG2,St-Georges,,47.983718,0.150408,,,0,PLA_STGEO,2
2780,STG3,St-Georges,,47.983399,0.151130,,,0,PLA_STGEO,1
2778,STG4,St-Georges,,47.983816,0.150278,,,0,PLA_STGEO,1
2784,STJ1,St-Julien,,47.960866,0.186347,,,0,PLA_STJUL,1
2785,STJ2,St-Julien,,47.961116,0.186525,,,0,PLA_STJUL,1
2787,STL1,St-Lazare,,47.999453,0.182084,,,0,PLA_STLAZ,1
2786,STL2,St-Lazare,,48.000535,0.183061,,,0,PLA_STLAZ,1
2795,STM1,St-Martin,,47.985701,0.209411,,,0,PLA_STMAR,1
2790,STM2,St-Martin,,47.985928,0.209441,,,0,PLA_STMAR,1
2792,STM3,St-Martin,,47.985952,0.208575,,,0,PLA_STMAR,1
2799,STS1,St-Saturnin,,48.061971,0.158842,,,0,PLA_STSAT,1
2798,STS2,St-Saturnin,,48.062015,0.158814,,,0,PLA_STSAT,1
2800,STV1,St-Vincent,,48.011184,0.199110,,,0,PLA_STVIN,2
2802,SUI1,Suisse,,47.994273,0.226152,,,0,PLA_SUISS,1
2806,SUR1,Surcouf,,48.024545,0.170809,,,0,PLA_SURCO,1
2805,SUR2,Surcouf,,48.024292,0.170737,,,0,PLA_SURCO,1
2684,TAB1,Pont des Tabacs,,47.998788,0.187802,,,0,PLA_PONTD,1
2316,TAV1,Fernand Tavano,,47.991769,0.172306,,,0,PLA_FERNA,1
2317,TAV2,Fernand Tavano,,47.992086,0.172704,,,0,PLA_FERNA,1
2808,TER1,Terroirie,,48.061982,0.139209,,,0,PLA_TERRO,1
2809,TER2,Terroirie,,48.061389,0.140200,,,0,PLA_TERRO,1
2816,TIL1,Tilleuls,,47.941274,0.263436,,,0,PLA_TILLE,1
1060,TM01,Théodore Monod,,48.011540,0.181707,,,0,PLA_THEOD,1
1059,TM02,Théodore Monod,,48.011539,0.181653,,,0,PLA_THEOD,1
2810,TMO1,Théodore Monod,,48.011417,0.181877,,,0,PLA_THEOD,1
2811,TMO2,Théodore Monod,,48.011906,0.181940,,,0,PLA_THEOD,1
2509,TOL1,Léon Tolstoï,,48.019427,0.209701,,,0,PLA_LEONT,1
2508,TOL2,Léon Tolstoï,,48.019038,0.209882,,,0,PLA_LEONT,1
2817,TOU1,Tourellerie,,48.012228,0.135212,,,0,PLA_TOURE,1
2818,TOU2,Tourellerie,,48.012226,0.135342,,,0,PLA_TOURE,1
2819,TRA1,Trangé,,48.035926,0.159303,,,0,PLA_TRANG,1
2820,TRA2,Trangé,,48.036156,0.159011,,,0,PLA_TRANG,1
2320,TRI1,Flora Tristan,,47.919755,0.251313,,,0,PLA_FLORA,1
2822,TRN1,Trintignant,,47.944558,0.190681,,,0,PLA_TRINT,2
2823,TRN2,Trintignant,,47.944025,0.191325,,,0,PLA_TRINT,2
2821,TRP1,Tri Postal,,47.994513,0.215596,,,0,PLA_TRIPO,1
2001,TRV1,3 Vallées,,48.023456,0.214724,,,0,PLA_TVALL,2
1062,UN01,Université,,48.016993,0.152173,,,0,PLA_UNIVE,1
1061,UN02,Université,,48.016960,0.151866,,,0,PLA_UNIVE,1
2826,UNI1,Université,,48.016896,0.151929,,,0,PLA_UNIVE,1
2830,UNI2,Université,,48.016836,0.151999,,,0,PLA_UNIVE,1
2980,UNI3,Université,,48.017086,0.150795,,,0,PLA_UNIVE,1
3224,UNI4,Université,,48.017086,0.150795,,,0,PLA_UNIVE,1
2467,VAL1,La Vallée,,47.925012,0.186699,,,0,PLA_LAVAL,2
2841,VAU1,Vaudrou,,48.027046,0.324408,,,0,PLA_VAUDR,1
2858,VCO1,Vieux Colombier,,47.989847,0.167917,,,0,PLA_VIEUX,1
2859,VCO2,Vieux Colombier,,47.989188,0.167175,,,0,PLA_VIEUX,1
2831,VDS1,Val de Sarthe,,47.919778,0.180853,,,0,PLA_VADES,1
2850,VDU1,Verdun,,48.026008,0.324874,,,0,PLA_VERDU,1
2833,VDV1,Val de Vray,,48.061588,0.155059,,,0,PLA_VALDE,1
2832,VDV2,Val de Vray,,48.061341,0.154682,,,0,PLA_VALDE,1
2432,VED1,Jules Vedrines,,47.964785,0.201816,,,0,PLA_JVEDR,1
2887,VED2,Jules Vedrines,,47.965278,0.202276,,,0,PLA_JVEDR,1
2849,VEN1,Vendée,,47.955410,0.169069,,,0,PLA_VENDE,1
2500,VER1,Le Verger,,48.031401,0.205055,,,0,PLA_LEVER,1
2499,VER2,Le Verger,,48.031439,0.204909,,,0,PLA_LEVER,1
2851,VGA1,Vert Galant,,47.966574,0.214487,,,0,PLA_VERTG,2
2852,VGA2,Vert Galant,,47.966808,0.214763,,,0,PLA_VERTG,2
2842,VGT1,Vaugauthier,,47.997709,0.229994,,,0,PLA_VAUGA,2
2843,VGT2,Vaugauthier,,47.997927,0.230440,,,0,PLA_VAUGA,1
2845,VGY1,Vauguyon,,47.975644,0.220795,,,0,PLA_VAUGU,1
2844,VGY2,Vauguyon,,47.975568,0.220794,,,0,PLA_VAUGU,1
1064,VI01,Viaducs,,47.992696,0.203933,,,0,PLA_VIADU,1
1063,VI02,Viaducs,,47.992653,0.204029,,,0,PLA_VIADU,1
2853,VIA2,Viaducs,,47.993042,0.204544,,,0,PLA_VIADU,1
2981,VIA4,Viaducs,,47.993732,0.204438,,,0,PLA_VIADU,1
3160,VIA6,Viaducs,,47.992287,0.204700,,,0,PLA_VIADU,1
2861,VIG1,Vignes,,48.027920,0.210662,,,0,PLA_VIGNE,2
2860,VIG2,Vignes,,48.028117,0.210587,,,0,PLA_VIGNE,2
2862,VIL1,Villaret,,48.015436,0.230165,,,0,PLA_VILLA,1
2863,VIL2,Villaret,,48.015586,0.230406,,,0,PLA_VILLA,2
2847,VJA1,Vaujoubert,,48.012300,0.152323,,,0,PLA_VAUJO,1
2846,VJA2,Vaujoubert,,48.011857,0.153177,,,0,PLA_VAUJO,1
2838,VLE1,Valence,,48.015459,0.227936,,,0,PLA_VALEN,1
2837,VLE2,Valence,,48.015397,0.228034,,,0,PLA_VALEN,1
2834,VMO1,Val Monnet,,48.036019,0.216419,,,0,PLA_VAMON,2
2836,VMR1,Val Morand,,48.064030,0.131770,,,0,PLA_VALMO,1
2835,VMR2,Val Morand,,48.064084,0.131685,,,0,PLA_VALMO,1
2864,WAS1,Washington,,47.995628,0.202408,,,0,PLA_WASHI,1
3159,WAS3,Washington,,47.994128,0.203715,,,0,PLA_WASHI,1
2478,WEI1,Lazare Weiller,,47.967232,0.202924,,,0,PLA_LAZAR,1
2479,WEI2,Lazare Weiller,,47.967378,0.203268,,,0,PLA_LAZAR,1
2909,XBI1,Xavier Bichat,,48.022047,0.166124,,,0,PLA_XAVIE,1
3231,XCU4,Cugnot,,47.980709,0.216730,,,0,PLA_CUGNO,1
3228,XCU5,Cugnot,,47.980835,0.218711,,,0,PLA_CUGNO,1
3182,XEP5,Éperon,,48.005936,0.193698,,,0,PLA_EPERO,1
3235,XEP6,Éperon,,48.005917,0.193668,,,0,PLA_EPERO,1
3230,XME1,Mediathèque,,48.002299,0.191154,,,0,PLA_MEDIA,1
3227,XPD1,Pontlieue,,47.982360,0.211220,,,0,PLA_PONJM,1
3232,XPD2,Pontlieue,,47.982357,0.210945,,,0,PLA_PONJM,1
2866,YOK1,Yokel,,47.966106,0.220839,,,0,PLA_YOKEL,2
2868,YOU1,Yourcenar,,47.993043,0.196996,,,0,PLA_YOURC,1
2867,YOU2,Yourcenar,,47.993376,0.196180,,,0,PLA_YOURC,1
2869,YVR1,Yvré-l'Évêque,,48.018764,0.270836,,,0,PLA_YVREL,1
2870,YZE1,Yzeux,,48.005795,0.217787,,,0,PLA_YZEUX,1
2871,YZE2,Yzeux,,48.005265,0.217768,,,0,PLA_YZEUX,1
1066,ZA01,Maillets-Zamenhof,,48.017190,0.217718,,,0,PLA_ZAMEN,1
1065,ZA02,Maillets-Zamenhof,,48.017178,0.217571,,,0,PLA_ZAMEN,1
2880,ZAM1,Zamenhof,,48.017789,0.217906,,,0,PLA_ZAMEN,1
2879,ZAM2,Zamenhof,,48.017747,0.217795,,,0,PLA_ZAMEN,1
2876,ZAM3,Zamenhof,,48.016935,0.219029,,,0,PLA_ZAMEN,2
2877,ZAM4,Zamenhof,,48.017153,0.218973,,,0,PLA_ZAMEN,1
3100,ZAM6,Zamenhof,,48.017789,0.217906,,,0,PLA_ZAMEN,1
2872,ZIN1,Zone Industrielle Nord,,48.024353,0.177134,,,0,PLA_Z.I.N,2
2873,ZIN2,Zone Industrielle Nord,,48.024671,0.176854,,,0,PLA_Z.I.N,1
2874,ZIN3,Zone Industrielle Nord,,48.024080,0.176388,,,0,PLA_Z.I.N,1
2875,ZIS1,Zone Industrielle Sud,,47.964076,0.179845,,,0,PLA_Z.I.S,2
1067,ZO01,Zola,,47.993891,0.198417,,,0,PLA_RZOLA,1
1068,ZO02,Zola,,47.993839,0.198526,,,0,PLA_RZOLA,1
PLA_ABATT,,Abattoirs,,47.961285,0.185143,,,1,,2
PLA_AUBRA,,Aubrac,,47.993423,0.223775,,,1,,1
PLA_AUCHA,,Auchan,,48.042472,0.175403,,,1,,2
PLA_ACACI,,Acacias,,47.998295,0.181042,,,1,,1
PLA_ACTIS,,Actisud,,47.950121,0.195115,,,1,,1
PLA_ARDRI,,Ardriers,,48.000922,0.169738,,,1,,1
PLA_AEROD,,Aérodrome,,47.947781,0.194014,,,1,,1
PLA_ANGEV,,Angevinière,,47.985185,0.178482,,,1,,1
PLA_AGADI,,Agadir,,48.018734,0.230613,,,1,,1
PLA_AIGNE,,Aigné,,48.064479,0.118837,,,1,,2
PLA_AGRIB,,Agribricorre,,48.047624,0.147790,,,1,,2
PLA_AIGRV,,Aigreville,,48.005778,0.075413,,,1,,1
PLA_AIGLE,,Aigles,,48.005580,0.216337,,,1,,2
PLA_ALLBJ,,Allonnes-Bois Joli,,47.950447,0.163230,,,1,,1
PLA_ALLON,,Allonnes,,47.952325,0.165584,,,1,,1
PLA_COLAP,,Collège Ambroise Paré,,48.004564,0.187327,,,1,,1
PLA_ANCET,,Ancien Étang,,48.043353,0.116375,,,1,,1
PLA_DAVID,,David d'Angers,,47.966071,0.210135,,,1,,1
PLA_ANTAR,,Antarès - Stade Marie Marvingt,,47.955959,0.221841,,,1,,1
PLA_GUILL,,Guillaume Apollinaire,,47.999942,0.231662,,,1,,1
PLA_ARCHE,,Arche de la Nature,,47.987447,0.243266,,,1,,1
PLA_ARDOI,,Ardoise,,48.008762,0.226772,,,1,,1
PLA_ARGEN,,Argenton,,47.966742,0.154324,,,1,,1
PLA_EMARR,,Émile Arrouet,,47.906992,0.245434,,,1,,1
PLA_ARROM,,Arromanches,,47.984178,0.222087,,,1,,1
PLA_ARCHI,,Archives,,47.981243,0.205388,,,1,,1
PLA_ARCYY,,Arcy,,48.025709,0.259913,,,1,,1
PLA_ATLAN,,Atlantides-Sablons,,47.990454,0.222652,,,1,,1
PLA_ANTON,,Antonnière,,48.061756,0.163266,,,1,,1
PLA_LACHA,,La Chapelle - St-Aubin,,48.037220,0.156727,,,1,,1
PLA_AURIC,,Auric,,48.013838,0.151136,,,1,,2
PLA_AUVOU,,Auvours,,48.013344,0.317714,,,1,,1
PLA_MAILL,,Maillets-Banjan,,48.015285,0.212391,,,1,,1
PLA_BARBA,,Barbara,,48.021006,0.159449,,,1,,1
PLA_BARCE,,Barcelone,,48.019427,0.227525,,,1,,2
PLA_RBALE,,Bâle,,48.021297,0.187355,,,1,,1
PLA_BANJA,,Banjan,,48.016222,0.202283,,,1,,1
PLA_RBARA,,Bara,,47.985070,0.205054,,,1,,2
PLA_BASSE,,Basse Lande,,48.017480,0.323106,,,1,,1
PLA_BATIG,,Batignolles,,47.987594,0.188147,,,1,,2
PLA_LABAU,,La Baule,,48.024211,0.201086,,,1,,2
PLA_BOBIL,,Bobillot,,47.992616,0.194774,,,1,,1
PLA_BEAUC,,Beauchêne,,47.976481,0.127135,,,1,,1
PLA_BLANC,,Blanchisserie,,48.015046,0.197325,,,1,,1
PLA_BOURD,,Bourdonnière,,48.046298,0.173216,,,1,,1
PLA_BARDE,,Bardet,,48.008541,0.214277,,,1,,1
PLA_BEAUV,,Beauvoir,,48.013858,0.134746,,,1,,1
PLA_BECQU,,Becquerel,,47.963221,0.177141,,,1,,2
PLA_BELLE,,Bellevue - Hauts de Coulaines,,48.020312,0.211041,,,1,,1
PLA_BEAUM,,Beaumarchais,,48.003821,0.171600,,,1,,2
PLA_BENER,,Béner,,47.998920,0.235554,,,1,,1
PLA_BERAR,,Berardière,,47.976051,0.149222,,,1,,1
PLA_BESSE,,Bessemer,,47.973238,0.175785,,,1,,2
PLA_BLEUE,,Bleuets,,47.983885,0.195065,,,1,,2
PLA_BEURU,,Beuruay,,47.925251,0.183905,,,1,,1
PLA_BEROI,,Béroize,,48.036286,0.287096,,,1,,2
PLA_BOURG,,Bourges,,48.004876,0.179478,,,1,,2
PLA_BIGNO,,Bignon,,48.030932,0.243519,,,1,,1
PLA_BIGAR,,Bigarreaux,,47.980066,0.221801,,,1,,1
PLA_BELAI,,Bel Air,,47.968718,0.214767,,,1,,1
PLA_BLCHA,,Belle Chasse,,48.017971,0.142426,,,1,,1
PLA_BELET,,Belle Étoile,,47.951219,0.233986,,,1,,1
PLA_RUDBA,,Rue de Ballon,,48.038003,0.238377,,,1,,1
PLA_LEONB,,Léon Blum,,47.995428,0.227667,,,1,,1
PLA_BELVE,,Belvédères,,47.918756,0.257201,,,1,,2
PLA_BERNE,,Berne,,48.021411,0.185728,,,1,,1
PLA_BOBET,,Bobet,,47.983216,0.204315,,,1,,1
PLA_BOLLE,,Bollée,,47.997810,0.223274,,,1,,1
PLA_BONNE,,Bonnétable,,48.026350,0.238939,,,1,,1
PLA_BOUCH,,Bouchardière,,47.942305,0.261708,,,1,,1
PLA_BONPA,,Bon Pasteur,,48.013126,0.197785,,,1,,1
PLA_LABOU,,La Bouquetière,,48.039025,0.240019,,,1,,2
PLA_DOMAI,,Domaine de Beauregard,,47.998169,0.171207,,,1,,1
PLA_BARBU,,Barbusse,,47.986004,0.196887,,,1,,2
PLA_BRIND,,Brindenier,,48.013530,0.219560,,,1,,2
PLA_BERGS,,Bergson,,48.002391,0.212805,,,1,,2
PLA_TRIST,,Tristan Bernard,,48.013158,0.222720,,,1,,1
PLA_GEORG,,Georges Brassens,,48.018491,0.327162,,,1,,1
PLA_BRUTR,,Bruyère Trangé,,48.024693,0.105921,,,1,,1
PLA_BRUYE,,Bruyères,,47.977366,0.231399,,,1,,1
PLA_BERRY,,Berry,,47.970416,0.198305,,,1,,1
PLA_SAVOR,,Savorgnan de Brazza,,48.011932,0.223936,,,1,,2
PLA_BOUSS,,Boussinière,,48.013698,0.190399,,,1,,1
PLA_BRETA,,Bretagne,,47.953048,0.168479,,,1,,2
PLA_BOUTT,,Bouttié,,48.010927,0.189087,,,1,,2
PLA_BUCHE,,Buchetière,,48.069695,0.118392,,,1,,1
PLA_BUFFO,,Buffon,,48.002709,0.220275,,,1,,2
PLA_BOUVE,,Bouvet,,48.013248,0.182504,,,1,,2
PLA_CALBE,,Calberson,,47.964643,0.185406,,,1,,1
PLA_LECAD,,Le Cadran,,48.020645,0.172002,,,1,,2
PLA_CADRA,,Cadran-Épine,,48.018559,0.174018,,,1,,1
PLA_LACAL,,La Calandre,,48.010289,0.193944,,,1,,1
PLA_CANCE,,Centre de Cancérologie,,48.017305,0.177341,,,1,,1
PLA_CAPUC,,Capucines,,48.035775,0.244927,,,1,,1
PLA_CARCA,,Carcassonne,,47.974587,0.233128,,,1,,1
PLA_CHATE,,Chateaubriand,,48.001521,0.171449,,,1,,1
PLA_CCUJC,,Centre Culturel Jean Carmet,,47.967861,0.160169,,,1,,1
PLA_COCHE,,Cochereaux,,48.012582,0.188030,,,1,,1
PLA_COLCH,,Collège Champagné,,48.022295,0.331564,,,1,,1
PLA_CCSGB,,Centre Commercial,,47.967229,0.092114,,,1,,1
PLA_JEANC,,Jean Cocteau,,48.027950,0.202456,,,1,,1
PLA_CHABO,,Champ de Bois,,48.057048,0.108365,,,1,,1
PLA_CEDRE,,Cèdres,,47.915784,0.258482,,,1,,2
PLA_C.E.N,,C.E. NTN,,47.964367,0.125901,,,1,,1
PLA_C.E.C,,C.E.NTN,,47.964398,0.126127,,,1,,1
PLA_COLEP,,Collège Épine,,48.016977,0.180439,,,1,,1
PLA_MARCE,,Marcel Cerdan,,48.039200,0.241543,,,1,,1
PLA_PAULC,,Paul Cézanne,,47.914203,0.255907,,,1,,1
PLA_CECFA,,CFA,,47.983100,0.233414,,,1,,2
PLA_COLLE,,Collèges,,47.938887,0.185435,,,1,,1
PLA_CINEM,,Cinémas CGR,,48.048386,0.172657,,,1,,1
PLA_CHURC,,Churchill,,47.989355,0.215620,,,1,,1
PLA_CHABR,,Chabrier,,47.971594,0.163639,,,1,,1
PLA_CHARB,,Charbonnière,,48.003077,0.230588,,,1,,1
PLA_CHFLE,,Champfleuri,,47.974812,0.127821,,,1,,1
PLA_CHAUM,,Chaumard,,47.996924,0.179900,,,1,,1
PLA_CHEVE,,Cheverny,,48.023444,0.176080,,,1,,1
PLA_CHAOU,,Chaoué,,47.969555,0.165575,,,1,,1
PLA_CHAMP,,Champagné,,48.019248,0.335870,,,1,,1
PLA_CHARM,,Charmes,,48.006847,0.139776,,,1,,1
PLA_LACHE,,La Chesnaie,,48.023921,0.336276,,,1,,1
PLA_CHEAU,,Château d'Eau,,47.969395,0.204226,,,1,,1
PLA_CHENE,,Chêne Vert,,48.008149,0.189535,,,1,,1
PLA_CHYVR,,Château,,48.025943,0.277452,,,1,,1
PLA_CIMAL,,Cimetière Allonnes,,47.960039,0.150150,,,1,,1
PLA_CITEJ,,Cité Joly,,47.975852,0.207256,,,1,,1
PLA_CIMOU,,Cimetière Ouest,,48.017379,0.192453,,,1,,1
PLA_CITEPC,,Cité,,47.992781,0.109410,,,1,,1
PLA_CISGB,,Cimetière,,47.970718,0.097192,,,1,,1
PLA_CIMET,,Cimetière Yvré,,48.012331,0.267458,,,1,,1
PLA_COLKE,,Collège Kennedy,,47.965444,0.161782,,,1,,1
PLA_CLAIR,,Clairefontaine,,48.015189,0.225972,,,1,,1
PLA_CLAUD,,Claude Bernard,,48.021710,0.163912,,,1,,1
PLA_COLBO,,Collège Bollée,,47.909778,0.251750,,,1,,1
PLA_CALIF,,Californie,,47.984712,0.240313,,,1,,1
PLA_COLMR,,Collège Le Marin,,47.963797,0.159814,,,1,,1
PLA_CLOSE,,Closerie,,48.031292,0.210032,,,1,,1
PLA_CLSEA,,Closeau,,48.028020,0.207251,,,1,,2
PLA_COLVT,,Collectivité,,47.978046,0.201458,,,1,,2
PLA_CHMAR,,Champ de Mars,,47.982241,0.207143,,,1,,1
PLA_COMTE,,Comtes du Maine,,48.004463,0.199712,,,1,,1
PLA_MARCA,,Marcel Carné,,48.010055,0.165853,,,1,,2
PLA_ANCIE,,Anciens Combattants,,47.907495,0.248351,,,1,,1
PLA_CONTR,,Contrexeville,,47.970453,0.226978,,,1,,1
PLA_COPEN,,Copenhague,,48.019960,0.206290,,,1,,2
PLA_CORMI,,Cormier,,47.940301,0.232880,,,1,,1
PLA_LECOT,,Le Côteau,,47.997570,0.227063,,,1,,2
PLA_COURA,,Courard,,47.978012,0.203335,,,1,,2
PLA_CROIX,,Croix de Pierre,,48.012162,0.205385,,,1,,1
PLA_COLPA,,Collège Pasteur,,48.016495,0.269294,,,1,,1
PLA_CITEP,,Cité Plantagenêt,,48.007294,0.196861,,,1,,1
PLA_CITPO,,Cité des Pommiers,,48.046891,0.348060,,,1,,1
PLA_COURB,,Courbet,,47.969599,0.223528,,,1,,1
PLA_CAREL,,Carel Mutualité,,47.991285,0.198574,,,1,,1
PLA_CORNE,,Corneille,,48.019062,0.198442,,,1,,1
PLA_LESCR,,Les Croisettes,,48.043352,0.220355,,,1,,2
PLA_CERIS,,Cerisiers,,48.033335,0.242498,,,1,,1
PLA_JCART,,Jacques Cartier,,48.022408,0.170087,,,1,,1
PLA_CIMSG,,Cimetière,,47.995461,0.177942,,,1,,2
PLA_CENTR,,Centre Signoret,,47.913381,0.247509,,,1,,1
PLA_CIMSU,,Cimetière Sud,,47.965053,0.209343,,,1,,2
PLA_CHANT,,Chantemerle,,47.998528,0.088265,,,1,,1
PLA_STECA,,Ste-Catherine,,48.022153,0.178372,,,1,,1
PLA_CITRO,,Citroën,,48.029937,0.171843,,,1,,2
PLA_CALVA,,Calvaire,,48.028303,0.242376,,,1,,1
PLA_CXBRA,,Croix de Braye,,47.922756,0.185677,,,1,,2
PLA_CYGNE,,Cygnes,,48.007308,0.224171,,,1,,2
PLA_CYRUS,,Cyrus,,48.005621,0.213592,,,1,,2
PLA_DESIR,,Desiré Bourneville,,48.020585,0.166815,,,1,,1
PLA_DEBUS,,Debussy,,47.971148,0.160473,,,1,,1
PLA_LOUIS,,Louis Delage,,48.036463,0.173290,,,1,,2
PLA_ALFRE,,Alfred de Vigny,,48.002203,0.227548,,,1,,1
PLA_DIESE,,Diesel,,47.983262,0.225710,,,1,,2
PLA_EMDEL,,Émile Delahaye,,48.038361,0.172661,,,1,,1
PLA_DELAG,,Delagenière,,48.013086,0.200279,,,1,,2
PLA_DEUXO,,Deux Ormeaux,,47.979208,0.224838,,,1,,1
PLA_DOREE,,Dorée,,48.023442,0.232317,,,1,,1
PLA_DROUE,,La Drouerie,,48.034542,0.113671,,,1,,2
PLA_DUNKE,,Dunkerque,,48.018215,0.183546,,,1,,1
PLA_DURAN,,Durand-Vaillant,,47.979337,0.212861,,,1,,1
PLA_THOMA,,Thomas Edison,,48.024987,0.179747,,,1,,1
PLA_EDITH,,Edith Piaf,,48.020757,0.156214,,,1,,1
PLA_EPAUG,,Épau - Gué Bernisson,,47.992011,0.234691,,,1,,1
PLA_EGLIS,,Église St-Aubin,,48.034153,0.161602,,,1,,1
PLA_EGFAY,,Église Fay,,48.008517,0.070300,,,1,,2
PLA_EGCOU,,Église Coulaines,,48.024161,0.204795,,,1,,1
PLA_EGSTS,,Église St-Saturnin,,48.058422,0.151845,,,1,,1
PLA_EHPAD,,EHPAD 3 Vallées,,48.024263,0.210876,,,1,,2
PLA_ECOLY,,École Lyautey,,47.964909,0.156245,,,1,,1
PLA_ECOPA,,École Pasteur,,47.968367,0.157402,,,1,,2
PLA_EPERO,,Éperon,,48.005425,0.195870,,,1,,1
PLA_EPINE,,Épine,,48.019698,0.181745,,,1,,1
PLA_EMILE,,Émile Plet,,47.917174,0.248349,,,1,,2
PLA_EQUIP,,Équipement,,47.967400,0.183080,,,1,,2
PLA_ERPEL,,Erpell,,48.002754,0.204967,,,1,,2
PLA_ESCRA,,ESCRA,,47.980639,0.233831,,,1,,1
PLA_ESPAL,,Espal,,47.994626,0.234166,,,1,,1
PLA_ETAMI,,Étamines,,48.017559,0.188594,,,1,,2
PLA_ETANG,,Étang,,47.946373,0.186428,,,1,,1
PLA_ETOIL,,Étoile,,48.006029,0.202040,,,1,,2
PLA_EUROP,,Europe,,48.022038,0.206759,,,1,,1
PLA_FALCO,,Falconet,,47.971310,0.215689,,,1,,2
PLA_FAMIL,,Family Village,,47.944054,0.240029,,,1,,1
PLA_FARAD,,Faraday,,47.960413,0.179080,,,1,,2
PLA_FATIN,,La Baronnière,,48.045344,0.345092,,,1,,1
PLA_LESFA,,Les Fauchetières,,47.978100,0.132333,,,1,,1
PLA_FOUCA,,Foucaudière,,47.969485,0.180645,,,1,,2
PLA_FOCHV,,Four à Chanvre,,48.060491,0.141250,,,1,,1
PLA_FEYDE,,Feydeau,,47.988332,0.201140,,,1,,2
PLA_FLAND,,Flandres,,47.954005,0.172234,,,1,,1
PLA_FOLLE,,Folleray,,47.986001,0.163963,,,1,,1
PLA_FLORE,,Flore,,48.001667,0.209117,,,1,,1
PLA_FLREY,,Florey,,48.025170,0.182732,,,1,,2
PLA_FOLIE,,Folie,,48.009239,0.178276,,,1,,2
PLA_FONTA,,Fontaines,,48.007536,0.132176,,,1,,2
PLA_LAFOR,,La Forêt,,48.015824,0.332378,,,1,,1
PLA_FORES,,Foresterie,,48.019908,0.145341,,,1,,1
PLA_FUCAU,,Foucault,,48.026412,0.175218,,,1,,2
PLA_ANATO,,Anatole France,,48.000995,0.184223,,,1,,2
PLA_FRERE,,Frères Renault,,48.041990,0.171567,,,1,,1
PLA_FROME,,Fromendière,,47.983959,0.199516,,,1,,1
PLA_FRESN,,Fresnellerie,,47.969349,0.210917,,,1,,1
PLA_FONTE,,Fontenelles,,48.020698,0.225849,,,1,,1
PLA_FUNAY,,Funay,,47.985267,0.225346,,,1,,2
PLA_FUSAI,,Fusains,,47.985015,0.186375,,,1,,1
PLA_GALLI,,Gallière,,48.027018,0.182455,,,1,,2
PLA_GASCO,,Gascogne,,47.952070,0.170913,,,1,,1
PLA_JEANM,,Jean-Michel Gaudré,,47.989264,0.191396,,,1,,2
PLA_GAZON,,Gazonfier,,48.005421,0.227038,,,1,,1
PLA_GUYBO,,Guy Bouriat,,48.013575,0.270604,,,1,,1
PLA_GLADI,,Gladiateurs,,48.007271,0.203574,,,1,,2
PLA_GLONN,,Glonnières-Centre Sud,,47.972150,0.216608,,,1,,1
PLA_GAMBE,,Gambetta-Mûriers,,48.009478,0.184512,,,1,,1
PLA_RGOYA,,Goya,,47.975160,0.215200,,,1,,1
PLA_VANGO,,Van Gogh,,47.971411,0.213837,,,1,,2
PLA_GORON,,Goron,,48.010197,0.196293,,,1,,1
PLA_LEOPO,,Léopold Gouloumes,,48.021514,0.331141,,,1,,1
PLA_GABRI,,Gabriel Paillereau,,47.973127,0.147626,,,1,,1
PLA_GAREN,,Gares,,47.996108,0.192407,,,1,,1
PLA_GBOIS,,Grand Bois,,48.011496,0.219570,,,1,,2
PLA_GREMI,,Grémillon,,48.013554,0.163565,,,1,,2
PLA_GRENO,,Grenoble,,47.976670,0.233868,,,1,,1
PLA_GARER,,Gare Routière,,47.996926,0.190323,,,1,,1
PLA_GRROL,,Grand Rolland,,48.067673,0.085547,,,1,,1
PLA_GARES,,Gare Sud,,47.994986,0.189882,,,1,,2
PLA_GRUES,,Grues Rouges,,48.054985,0.167454,,,1,,2
PLA_GUEBE,,Gué Bernisson,,47.992010,0.237565,,,1,,1
PLA_GUERA,,Guéranger,,48.004074,0.214480,,,1,,2
PLA_GUETT,,Guetteloup,,47.965452,0.222957,,,1,,1
PLA_GYMNA,,Gymnase,,48.059659,0.143309,,,1,,1
PLA_LESHA,,Les Halles,,48.004547,0.193781,,,1,,1
PLA_HENDA,,Hendaye,,48.024188,0.197375,,,1,,2
PLA_HERMI,,Hermitage,,47.906174,0.241001,,,1,,1
PLA_LESHO,,Les Horizons,,48.057256,0.166467,,,1,,1
PLA_HOUDO,,Houdouard,,48.066800,0.102811,,,1,,1
PLA_HOPIT,,Hopital Rubillard,,48.013172,0.176406,,,1,,1
PLA_CHOSP,,Centre Hospitalier Spécialisé,,47.959235,0.165574,,,1,,1
PLA_LEHMA,,Les Hautes Metairies,,47.952155,0.165979,,,1,,1
PLA_HUCHE,,Huchepie,,47.967882,0.197395,,,1,,1
PLA_HUISN,,Logis de l'Huisne,,47.999819,0.240336,,,1,,1
PLA_HOTEL,,Hôtel de Ville Arnage,,47.926958,0.187426,,,1,,1
PLA_HAUTE,,Haute Venelle,,48.019991,0.163620,,,1,,1
PLA_ILEAU,,Île aux Sports,,47.990917,0.229884,,,1,,1
PLA_ISAAC,,Isaac,,48.015892,0.235413,,,1,,1
PLA_JACOB,,Jacobins,,48.008582,0.200075,,,1,,2
PLA_JCQUA,,Jacquard,,47.965028,0.184436,,,1,,2
PLA_JPLAN,,Jardin des Plantes,,48.007952,0.208141,,,1,,1
PLA_JDARC,,Jeanne d' Arc,,48.025559,0.076786,,,1,,2
PLA_JAURE,,Jaurès-Pavillon,,47.989522,0.207023,,,1,,1
PLA_JACQU,,Jacques Prévert,,48.023293,0.332474,,,1,,1
PLA_JULES,,Jules Raimu,,47.968614,0.218839,,,1,,1
PLA_JARDI,,Jardin du Souvenir,,47.965651,0.213228,,,1,,1
PLA_JUGAN,,Jugannerie,,48.032068,0.273032,,,1,,1
PLA_JUIGN,,Juigné,,47.951683,0.128334,,,1,,1
PLA_JUP,,Jupinière,,48.060820,0.103225,,,1,,2
PLA_KABOU,,Kaboul,,48.019350,0.222889,,,1,,1
PLA_KERGO,,Kergomard,,48.012315,0.190255,,,1,,1
PLA_LAFAY,,Lafayette,,48.006813,0.189912,,,1,,1
PLA_LESAL,,Les Allourdes,,47.967412,0.121875,,,1,,2
PLA_LAMAR,,La Mare,,48.072164,0.130999,,,1,,2
PLA_LESLA,,Les Landes,,47.955432,0.229883,,,1,,1
PLA_LAPOI,,La Pointe,,47.984123,0.186627,,,1,,1
PLA_LARCE,,L'Arche,,48.059832,0.165156,,,1,,1
PLA_LASAU,,La Saulaie,,47.973547,0.125624,,,1,,1
PLA_LATOU,,La Touche,,47.987469,0.133992,,,1,,2
PLA_LAUSA,,Lausanne,,48.022480,0.187476,,,1,,2
PLA_LAMBE,,Lambert,,48.005771,0.221256,,,1,,2
PLA_BODI,,La Bodinière,,48.055556,0.342337,,,1,,1
PLA_LECAR,,Le Carrefour,,47.950029,0.139893,,,1,,1
PLA_LYCCC,,Lycée Claude Chappe,,47.934087,0.184855,,,1,,1
PLA_LESCO,,Les Courterus,,47.942277,0.115767,,,1,,1
PLA_LESCH,,Les Charmeuses,,47.935147,0.274475,,,1,,1
PLA_LECLO,,Le Clos,,47.985207,0.162150,,,1,,1
PLA_LACHO,,La Chopinière,,47.947789,0.130305,,,1,,1
PLA_LECHA,,Le Châtaignier,,47.950427,0.125213,,,1,,1
PLA_LADEN,,La Denisière,,48.026033,0.079267,,,1,,1
PLA_LEDRU,,Ledru-Rollin,,48.010192,0.194861,,,1,,1
PLA_LEARD,,Léard,,48.026014,0.181413,,,1,,1
PLA_LECHE,,Le Chêne,,47.991696,0.149268,,,1,,1
PLA_LEMAR,,Le Marin,,47.963859,0.160408,,,1,,1
PLA_LEODE,,Léo Delibes,,47.971345,0.159326,,,1,,1
PLA_LEROS,,Le Rosier,,47.955498,0.120755,,,1,,1
PLA_LESRO,,Les Robinières,,48.053979,0.144655,,,1,,2
PLA_MARLE,,Marcel Létang,,47.944777,0.265163,,,1,,1
PLA_LECLE,,Leclerc-Fleurus,,47.998191,0.195012,,,1,,1
PLA_LAFOU,,Fosse Louvette,,48.057793,0.107748,,,1,,1
PLA_LAFOL,,La Folie,,48.066116,0.108463,,,1,,1
PLA_LEFOU,,Le Fouillet,,48.065337,0.090567,,,1,,1
PLA_LAFAB,,La Fabrique,,48.001031,0.187789,,,1,,1
PLA_LAGAU,,La Gautrie,,47.945573,0.184308,,,1,,1
PLA_LGC,,Le Gros Chêne,,48.055649,0.342213,,,1,,1
PLA_LANGU,,Languedoc,,47.955628,0.171519,,,1,,1
PLA_LAGER,,La Germinière,,48.011689,0.124573,,,1,,2
PLA_LAGRA,,La Grande Salle,,47.995441,0.108710,,,1,,2
PLA_LEONG,,Léon Guet,,47.967673,0.223032,,,1,,1
PLA_LESGR,,Les Gravillons,,48.024826,0.079009,,,1,,1
PLA_LAHAR,,La Hardangère,,47.951304,0.141171,,,1,,1
PLA_LEHOU,,Le Houx,,48.068515,0.132574,,,1,,2
PLA_LIBER,,Libération,,48.004346,0.187293,,,1,,1
PLA_LILAS,,Lilas,,47.984963,0.195570,,,1,,2
PLA_ECOLL,,École Louise Labé,,48.020819,0.180000,,,1,,1
PLA_LDLB,,Les Landes de la Bécanne,,48.044390,0.330945,,,1,,1
PLA_LYCMA,,Lycée Malraux,,47.956335,0.165854,,,1,,1
PLA_LESMA,,Les Maréchaux,,47.944370,0.118450,,,1,,2
PLA_COLMA,,Collège La Madeleine,,48.023854,0.184086,,,1,,1
PLA_LAMIL,,La Milesse,,48.063681,0.136482,,,1,,1
PLA_LYCMO,,Lycée Montesquieu,,48.009785,0.201451,,,1,,1
PLA_RUDLO,,Rue du Loir,,47.988093,0.166648,,,1,,1
PLA_POINT,,La Pointe,,48.044814,0.328506,,,1,,1
PLA_LEPAT,,Le Pâtis Vert,,47.955421,0.124280,,,1,,1
PLA_LESPI,,Les Pins,,47.939830,0.266126,,,1,,1
PLA_LESPA,,Les Palis,,48.023249,0.182719,,,1,,1
PLA_LPOIA,,La Pointe Allonnes,,47.948411,0.134698,,,1,,1
PLA_LEPRE,,Le Pressoir,,47.944288,0.268414,,,1,,1
PLA_LEPAV,,Le Pavillon,,47.946978,0.130714,,,1,,1
PLA_LAPAI,,La Paix,,48.024141,0.202291,,,1,,1
PLA_COLSO,,Collège Les Sources,,47.970982,0.223297,,,1,,1
PLA_LESOU,,Les Sources,,47.972269,0.221934,,,1,,1
PLA_LYCSU,,Lycée Sud,,47.982486,0.228486,,,1,,2
PLA_LESTE,,Les Teillais,,47.948820,0.122977,,,1,,1
PLA_LESTR,,Les Tremelières,,47.962521,0.120098,,,1,,1
PLA_LELUA,,Le Luard,,48.009556,0.263665,,,1,,1
PLA_BRISS,,Brissons,,47.936834,0.268885,,,1,,1
PLA_LESVE,,Les Verts,,48.037109,0.177428,,,1,,1
PLA_LYCEE,,Lycée Washington,,47.994764,0.203174,,,1,,1
PLA_LYBEL,,Lycée Bellevue,,48.012352,0.205657,,,1,,1
PLA_MAIAL,,Mairie Allonnes,,47.970271,0.159614,,,1,,1
PLA_JMACE,,Jean Macé,,47.990166,0.193612,,,1,,1
PLA_MADON,,Madon,,47.961983,0.203699,,,1,,1
PLA_MALPA,,Malpalu,,48.000725,0.219373,,,1,,2
PLA_NELSO,,Nelson Mandela,,47.987072,0.181706,,,1,,1
PLA_MAQUE,,Maquère,,48.077770,0.115367,,,1,,2
PLA_MAREC,,Maréchaux,,48.039066,0.246649,,,1,,1
PLA_MAISG,,Mairie St-Georges,,47.972672,0.099782,,,1,,1
PLA_MAIRI,,Mairie Trangé,,48.027107,0.113264,,,1,,1
PLA_MARTI,,Martin-Bréguet,,47.976393,0.168097,,,1,,1
PLA_MEDIA,,Mediathèque,,48.002388,0.192428,,,1,,1
PLA_MELIE,,Méliès,,48.010841,0.160813,,,1,,1
PLA_MENDE,,Mendès-France,,48.006769,0.199664,,,1,,1
PLA_MOULI,,Moulin l'Évêque,,48.024327,0.187291,,,1,,2
PLA_MONGR,,Mongre,,47.955684,0.115859,,,1,,1
PLA_MONTA,,Montaigu,,47.983989,0.156441,,,1,,1
PLA_LOUMI,,Louise Michel,,48.024219,0.329238,,,1,,1
PLA_MILLE,,Millet,,47.973814,0.223828,,,1,,1
PLA_MIROI,,Miroir,,47.990210,0.199471,,,1,,1
PLA_MAILE,,Mairie du Mans,,48.006826,0.197375,,,1,,1
PLA_MAINE,,Maine,,48.014577,0.267192,,,1,,1
PLA_MONIE,,Monier,,47.953712,0.184611,,,1,,2
PLA_MAINV,,Maison Neuve,,47.921500,0.220273,,,1,,1
PLA_MONET,,Monet,,47.975086,0.224573,,,1,,1
PLA_MORAN,,Morane,,47.964298,0.205759,,,1,,1
PLA_MARPA,,Marcel Pagnol,,48.010699,0.167561,,,1,,2
PLA_MARPL,,Marcel Paul,,47.978153,0.228610,,,1,,1
PLA_MAIPR,,Mairie Pruillé-le-Chétif,,47.993988,0.107619,,,1,,2
PLA_MAUPT,,Maupertuis,,47.996108,0.216937,,,1,,1
PLA_MARBO,,Marbot,,48.009654,0.174219,,,1,,2
PLA_MAROC,,Maroc,,47.971112,0.205008,,,1,,1
PLA_MORDR,,Mordret,,48.014418,0.215497,,,1,,2
PLA_MOREA,,Moreau,,47.998660,0.169839,,,1,,1
PLA_MARIE,,Mariette,,47.998735,0.213381,,,1,,2
PLA_MAISO,,Maisons Rouges,,48.022325,0.098546,,,1,,1
PLA_MAIRUA,,Mairie Ruaudin,,47.944903,0.264242,,,1,,2
PLA_MARIV,,Marivaux,,47.999366,0.227991,,,1,,1
PLA_MONTS,,Montsaulnière,,48.020814,0.183883,,,1,,1
PLA_MASSE,,Massenet,,47.968688,0.162914,,,1,,1
PLA_MULSA,,Mulsanne,,47.907055,0.238144,,,1,,1
PLA_MOTAG,,Montagne,,48.016886,0.188470,,,1,,1
PLA_MONTH,,Monthéard,,47.994243,0.213677,,,1,,2
PLA_MATER,,Maternité Parking P4,,48.015769,0.178993,,,1,,1
PLA_MURIE,,Mûriers,,48.011684,0.186354,,,1,,1
PLA_MUTUE,,Mutuel,,48.008426,0.217293,,,1,,2
PLA_MVIVE,,Martial Vivet,,48.019750,0.153346,,,1,,1
PLA_NARCI,,Narcisses,,48.014498,0.264801,,,1,,1
PLA_AVENU,,Avenue Nationale,,47.927441,0.184910,,,1,,1
PLA_NAUGU,,Nauguibert,,47.936000,0.186730,,,1,,1
PLA_NETTL,,Nettleham,,47.912705,0.249631,,,1,,1
PLA_RNICE,,Nice,,48.022001,0.196567,,,1,,1
PLA_NOVAX,,Novaxud,,47.994467,0.185715,,,1,,1
PLA_NOGUE,,Noguès,,47.964132,0.197440,,,1,,2
PLA_OASIS,,Oasis - Centre des Expositions,,47.960605,0.200395,,,1,,1
PLA_OREED,,Orée du Bois,,47.913462,0.250333,,,1,,1
PLA_ORMEA,,Ormeau,,48.006190,0.139081,,,1,,1
PLA_PARKI,,Parking P1-P2,,48.013417,0.176042,,,1,,1
PLA_PARKN,,Parking P3,,48.015276,0.172871,,,1,,1
PLA_PAC,,Parking avant carrefour,,48.045891,0.348865,,,1,,1
PLA_PAGES,,Pagès,,47.994205,0.176322,,,1,,1
PLA_PALMI,,Palmiers,,48.018826,0.201657,,,1,,1
PLA_PANHA,,Panhard,,48.032431,0.174313,,,1,,1
PLA_LESPE,,Les Petites Allourdes,,47.969169,0.125627,,,1,,1
PLA_PAPIN,,Papin,,47.974239,0.199642,,,1,,1
PLA_PAREN,,Parence,,48.035714,0.288074,,,1,,2
PLA_PASTE,,Pasteur,,47.967351,0.156858,,,1,,2
PLA_RPAVE,,Pavé,,48.008892,0.180941,,,1,,2
PLA_PAIXH,,Paixhans,,47.996929,0.206700,,,1,,1
PLA_COUR,,Courboulay,,48.005581,0.191963,,,1,,2
PLA_PETIT,,Petit Chanteloup,,47.958575,0.113205,,,1,,1
PLA_PTCRX,,Petite Croix,,48.025321,0.171045,,,1,,1
PLA_PDLE,,Place de l'église,,48.045629,0.347329,,,1,,1
PLA_PALAI,,Palais des Congrès,,47.999727,0.192222,,,1,,1
PLA_PERDR,,Perdrix,,48.010535,0.225327,,,1,,1
PLA_PECHE,,Pêcheurs,,47.990050,0.182277,,,1,,1
PLA_PERRI,,Perrières,,47.964245,0.157228,,,1,,1
PLA_PIEDS,,Pied Sec,,47.984323,0.201693,,,1,,1
PLA_PIERR,,Pierre Piffault,,47.978706,0.177693,,,1,,2
PLA_PIPEC,,Pipèche,,48.003964,0.173888,,,1,,2
PLA_DIDIE,,Didier Pironi,,48.035382,0.239980,,,1,,1
PLA_PISCI,,Piscine,,47.961748,0.164939,,,1,,1
PLA_PIVOI,,Pivoines,,48.013611,0.265554,,,1,,1
PLA_PLESS,,Plessis,,48.026794,0.206134,,,1,,1
PLA_PAULL,,Paul-Louis Jacques,,48.018445,0.208338,,,1,,2
PLA_PASSER,,Passerelle,,48.013323,0.199315,,,1,,1
PLA_PLATA,,Platanes,,47.978413,0.234390,,,1,,1
PLA_POLYG,,Polygone,,47.984597,0.190147,,,1,,2
PLA_PARCM,,Parc Manceau,,48.032477,0.181492,,,1,,1
PLA_PONTL,,Pontlieue,,47.982445,0.211141,,,1,,1
PLA_PATTE,,Patte d'Oie,,47.978557,0.173247,,,1,,1
PLA_POLUC,,Polucan,,48.011327,0.285557,,,1,,1
PLA_POMMI,,Pommiers,,47.945109,0.187847,,,1,,1
PLA_RUEDU,,Rue du Port,,47.931307,0.186672,,,1,,1
PLA_PETITP,,Petit Plessis,,47.948461,0.260918,,,1,,1
PLA_PONPR,,Pont Perrin,,48.006809,0.192048,,,1,,2
PLA_PERCH,,Perche,,48.015224,0.270064,,,1,,1
PLA_PREAU,,Préau,,47.987313,0.202851,,,1,,2
PLA_PREFE,,Préfecture,,48.001493,0.197492,,,1,,1
PLA_PRIME,,Primevère,,48.008790,0.136031,,,1,,1
PLA_PRIRI,,Leprince Ringuet,,48.017486,0.146185,,,1,,1
PLA_SULLY,,Sully Prudhomme,,48.001640,0.230921,,,1,,1
PLA_COLPS,,Collège La Psallette,,48.016529,0.204605,,,1,,1
PLA_PASSE,,Passe-Temps,,48.030328,0.280505,,,1,,1
PLA_PONGE,,Pontlieue-Geneslay,,47.982666,0.210409,,,1,,1
PLA_PUITS,,Puits Fendu,,48.011399,0.158394,,,1,,2
PLA_PAVIL,,Pavillon,,47.994456,0.143390,,,1,,1
PLA_PYREN,,Pyrénées,,47.992827,0.225367,,,1,,1
PLA_COLON,,Colonel Quéru,,48.016810,0.184448,,,1,,1
PLA_RACHE,,Rachel,,48.011010,0.210169,,,1,,2
PLA_COLRY,,Colonel Raynal,,47.999880,0.185562,,,1,,1
PLA_RCHPI,,Richepin,,48.019047,0.187005,,,1,,1
PLA_RACIN,,Racine,,48.000019,0.170141,,,1,,2
PLA_RICHE,,Richet,,48.024613,0.184557,,,1,,2
PLA_RTEDC,,Route du Chêne,,47.934499,0.187999,,,1,,2
PLA_RUDNO,,Rue du Nord,,48.005055,0.211053,,,1,,2
PLA_REMBR,,Rembrandt,,47.971615,0.211531,,,1,,1
PLA_RENOI,,Auguste Renoir,,47.961796,0.155322,,,1,,1
PLA_REPUB,,République,,48.004209,0.197819,,,1,,1
PLA_RESIS,,Résistants,,47.995538,0.211068,,,1,,2
PLA_RTFAY,,Route de Fay,,47.993470,0.106494,,,1,,1
PLA_LERIB,,Le Ribay,,48.013595,0.161630,,,1,,1
PLA_RCHED,,Richedoué,,48.003611,0.186314,,,1,,1
PLA_CAMPU,,Campus-Ribay,,48.014457,0.162361,,,1,,1
PLA_RTLUD,,Route du Lude,,47.922441,0.184589,,,1,,2
PLA_ROUTE,,Route du Mans,,47.974262,0.104084,,,1,,1
PLA_RENON,,Renoncules,,47.950003,0.188538,,,1,,2
PLA_RAINE,,Raineries,,47.963589,0.208418,,,1,,1
PLA_LAROC,,La Rochelle,,48.020834,0.180202,,,1,,1
PLA_RONCE,,Ronceray,,47.973887,0.206346,,,1,,1
PLA_ROTIY,,Rôti,,48.034880,0.282057,,,1,,1
PLA_ROUIL,,Rouillon,,48.004708,0.136418,,,1,,1
PLA_CHASS,,Chasse Royale,,48.014577,0.186838,,,1,,1
PLA_RENAU,,Renault,,47.981515,0.180236,,,1,,1
PLA_RUEDE,,Rue de Ruaudin,,47.972916,0.231237,,,1,,1
PLA_ROUSS,,Rousseau,,47.976060,0.201846,,,1,,2
PLA_SABLE,,Sables,,48.023684,0.201794,,,1,,2
PLA_SAFFR,,Saffray,,48.007122,0.180304,,,1,,2
PLA_GESAN,,George Sand,,48.014352,0.271523,,,1,,1
PLA_SAPIN,,Sapins,,47.980146,0.209266,,,1,,1
PLA_SARGE,,Sargé-lès-le-Mans,,48.034019,0.240630,,,1,,1
PLA_CHARL,,Charles Sauria,,48.034633,0.179595,,,1,,1
PLA_SAVOI,,Savoie,,47.954570,0.165986,,,1,,1
PLA_SBLAN,,Sablon Blanc,,48.027764,0.256090,,,1,,1
PLA_SCOTT,,Scotto,,48.016372,0.141365,,,1,,1
PLA_STCHR,,St-Christophe,,48.040397,0.152060,,,1,,1
PLA_SECUR,,Sécurité Sociale,,47.996792,0.219838,,,1,,1
PLA_SETRA,,SETRAM,,47.976332,0.175929,,,1,,1
PLA_STHUB,,St-Hubert,,48.015560,0.335428,,,1,,1
PLA_STJOS,,St-Joseph,,47.984409,0.141987,,,1,,2
PLA_STLIB,,St-Liboire,,48.017243,0.185540,,,1,,1
PLA_STMIC,,St-Michel,,48.021418,0.201785,,,1,,1
PLA_SOLIT,,Solitude,,48.003974,0.220512,,,1,,1
PLA_LESSO,,Les Souvres,,47.949753,0.138619,,,1,,1
PLA_SOUVE,,Souvenance,,48.020064,0.144033,,,1,,1
PLA_SPOUT,,Spoutnik,,47.983202,0.183324,,,1,,1
PLA_STGGA,,Stade Georges Garnier,,47.972953,0.158726,,,1,,1
PLA_STALD,,St-Aldric,,48.012070,0.212890,,,1,,2
PLA_STASN,,Stade Asnillé,,47.996100,0.105124,,,1,,2
PLA_STEX,,St-Exupéry,,48.000451,0.211705,,,1,,2
PLA_STGEO,,St-Georges,,47.983683,0.151587,,,1,,1
PLA_STJUL,,St-Julien,,47.961116,0.186525,,,1,,1
PLA_STLAZ,,St-Lazare,,47.999453,0.182084,,,1,,1
PLA_STMAR,,St-Martin,,47.985928,0.209441,,,1,,1
PLA_STSAT,,St-Saturnin,,48.061971,0.158842,,,1,,1
PLA_STVIN,,St-Vincent,,48.011184,0.199110,,,1,,2
PLA_SUISS,,Suisse,,47.994273,0.226152,,,1,,1
PLA_SURCO,,Surcouf,,48.024292,0.170737,,,1,,1
PLA_PONTD,,Pont des Tabacs,,47.998788,0.187802,,,1,,1
PLA_FERNA,,Fernand Tavano,,47.991769,0.172306,,,1,,1
PLA_TERRO,,Terroirie,,48.061982,0.139209,,,1,,1
PLA_TILLE,,Tilleuls,,47.941274,0.263436,,,1,,1
PLA_THEOD,,Théodore Monod,,48.011417,0.181877,,,1,,1
PLA_LEONT,,Léon Tolstoï,,48.019427,0.209701,,,1,,1
PLA_TOURE,,Tourellerie,,48.012226,0.135342,,,1,,1
PLA_TRANG,,Trangé,,48.035926,0.159303,,,1,,1
PLA_FLORA,,Flora Tristan,,47.919755,0.251313,,,1,,1
PLA_TRINT,,Trintignant,,47.944558,0.190681,,,1,,2
PLA_TRIPO,,Tri Postal,,47.994513,0.215596,,,1,,1
PLA_TVALL,,3 Vallées,,48.023456,0.214724,,,1,,2
PLA_UNIVE,,Université,,48.016836,0.151999,,,1,,1
PLA_LAVAL,,La Vallée,,47.925012,0.186699,,,1,,2
PLA_VAUDR,,Vaudrou,,48.027046,0.324408,,,1,,1
PLA_VIEUX,,Vieux Colombier,,47.989847,0.167917,,,1,,1
PLA_VADES,,Val de Sarthe,,47.919778,0.180853,,,1,,1
PLA_VERDU,,Verdun,,48.026008,0.324874,,,1,,1
PLA_VALDE,,Val de Vray,,48.061588,0.155059,,,1,,1
PLA_JVEDR,,Jules Vedrines,,47.965278,0.202276,,,1,,1
PLA_VENDE,,Vendée,,47.955410,0.169069,,,1,,1
PLA_LEVER,,Le Verger,,48.031439,0.204909,,,1,,1
PLA_VERTG,,Vert Galant,,47.966574,0.214487,,,1,,2
PLA_VAUGA,,Vaugauthier,,47.997709,0.229994,,,1,,2
PLA_VAUGU,,Vauguyon,,47.975644,0.220795,,,1,,1
PLA_VIADU,,Viaducs,,47.993042,0.204544,,,1,,1
PLA_VIGNE,,Vignes,,48.028117,0.210587,,,1,,2
PLA_VILLA,,Villaret,,48.015586,0.230406,,,1,,2
PLA_VAUJO,,Vaujoubert,,48.011857,0.153177,,,1,,1
PLA_VALEN,,Valence,,48.015397,0.228034,,,1,,1
PLA_VAMON,,Val Monnet,,48.036019,0.216419,,,1,,2
PLA_VALMO,,Val Morand,,48.064030,0.131770,,,1,,1
PLA_WASHI,,Washington,,47.994128,0.203715,,,1,,1
PLA_LAZAR,,Lazare Weiller,,47.967378,0.203268,,,1,,1
PLA_XAVIE,,Xavier Bichat,,48.022047,0.166124,,,1,,1
PLA_CUGNO,,Cugnot,,47.980709,0.216730,,,1,,1
PLA_PONJM,,Pontlieue,,47.982360,0.211220,,,1,,1
PLA_YOKEL,,Yokel,,47.966106,0.220839,,,1,,2
PLA_YOURC,,Yourcenar,,47.993043,0.196996,,,1,,1
PLA_YVREL,,Yvré-l'Évêque,,48.018764,0.270836,,,1,,1
PLA_YZEUX,,Yzeux,,48.005265,0.217768,,,1,,1
PLA_ZAMEN,,Zamenhof,,48.017747,0.217795,,,1,,1
PLA_Z.I.N,,Zone Industrielle Nord,,48.024080,0.176388,,,1,,1
PLA_Z.I.S,,Zone Industrielle Sud,,47.964076,0.179845,,,1,,2
PLA_RZOLA,,Zola,,47.993891,0.198417,,,1,,1
BOISJ1,,Bois Joli 1,,47.95015,0.16300,,,0,PLA_ALLBJ,2 
BOISJ2,,Bois Joli 2,,47.95019,0.16288,,,0,PLA_ALLBJ,2 
LEROYS,,Leroy Somer,,47.94760,0.16169,,,0,,2 
AMG01,,AMG,,47.94502,0.15848,,,0,,2 
CARRE1,,Carrefour 1,,47.94686,0.15046,,,0,,2 
CARRE2,,Carrefour 2,,47.94582,0.15256,,,0,,2 
SCM01,,SCM,,47.94899,0.14085,,,0,,2 
MUTUAL,,Mutual Logistics,,47.94505,0.14344,,,0,,2 
FOUSSI,,Foussier,,47.94395,0.14478,,,0,,2 
MEDIAP,,Mediapost,,47.94300,0.14631,,,0,,2 
STEF01,,STEF,,47.94221,0.15471,,,0,,2 
ESATKA,,ESAT Kalista,,47.95174,0.14132,,,0,,2 
AN06,,Antarès - Stade Marie Marvingt,,47.95591,0.222804,,,0,PLA_ANTAR,2 
AN07,,Antarès - Stade Marie Marvingt,,47.955963,0.222641,,,0,PLA_ANTAR,2 
TECHP1,,Technoparc,,47.94471,0.21456,,,0,,2 
TECHC1,,Tehnicampus,,47.94706,0.21463,,,0,,2 
MOND1,,Mondial Assistance,,47.94266,0.21590,,,0,,2 
KART1,,Karting 1,,47.94075,0.21421,,,0,,2 
KART2,,Karting 2,,47.9408,0.21431,,,0,,2 
PINC1,,Pincenardière 1,,47.93759,0.22043,,,0,,2 
PINC2,,Pincenardière 2,,47.93769,0.22048,,,0,,2 
CLOS1,,Clos Fleuri 1,,47.93908,0.22704,,,0,,2 
CLOS2,,Clos Fleuri 2,,47.93918,0.2271,,,0,,2 
ESCA1,,Escape,,47.94028,0.22966,,,0,,2 
WILB1,,Wilbur Wright,,47.94289,0.22722,,,0,,2 
LERO1,,Leroy Merlin,,47.94144,0.23141,,,0,,2 
CORMI1,,Cormier 1,,47.94044,0.23278,,,0,PLA_CORMI,2 
CORMI2,,Cormier 2,,47.94033,0.23297,,,0,PLA_CORMI,2 
FAMHU1,,Family Hunaudières 1,,47.94253,0.2367,,,0,,2 
FAMHU2,,Family Hunaudières 2,,47.94253,0.2366,,,0,,2 
FAMVI1,,Family Village 1,,47.94386,0.24004,,,0,,2 
FAMVI2,,Family Village 2,,47.94404,0.24002,,,0,,2 
MAIRI1,,Mairie Ruaudin,,47.94483,0.26425,,,0,PLA_MAIRUA,2 
BOUCH1,,Bouchardière 1,,47.94215,0.26228,,,0,PLA_BOUCH,2 
BOUCH2,,Bouchardière 2,,47.94232,0.26166,,,0,PLA_BOUCH,2 
CENSI1,,Centre Simone Signoret 1,,47.91340,0.24752,,,0,PLA_CENTR,2 
CENSI2,,Centre Simone Signoret 2,,47.91328,0.24833,,,0,PLA_CENTR,2 
COLBO1,,Collège Bollée 1,,47.90975,0.25176,,,0,PLA_COLBO,2 
COLBO2,,Collège Bollée 2,,47.90966,0.25167,,,0,PLA_COLBO,2 
GOU2,,Léopold Gouloumès 2,,48.02155,0.33112,,,0,,2 
GOU1,,Léopold Gouloumès 1,,48.02105,0.33098,,,0,,2 
FOR1,,La Forêt,,48.01592000000001,0.33232,,,0,,2 
SHU1,,St-Hubert,,48.01559,0.33545,,,0,,2 
CHAMP,,Champagné-Gare,,48.0192385,0.3359121,,,0,PLA_CHAMP,2 
SARPAL,,Sarthe Palettes,,48.0142716,0.3314195,,,0,,2 
EATSOU,,Eaton-Souriau,,48.017566,0.336572,,,0,,2 
BOBMAT,,Bobet Matériel 2,,48.0145186,0.3342524,,,0,,2 
STRADAL,,Stradal,,48.013933,0.337726,,,0,,2 
SOCAMA,,Socamaine 3,,48.0171515,0.3449267,,,0,,2 
PAPREC,,Paprec,,48.021539,0.34689,,,0,,2 
COLAS,,Colas,,48.019058,0.349941,,,0,,2 
ASONU,,ASO Nutrition,,48.017324,0.331281,,,0,,2 
2emeRI,,2ème RIMA,,48.009375,0.319317,,,0,,2 
CROMRES,,Cromology Research,,48.015904,0.327005,,,0,,2 
